問題,回答群１,回答群２,回答群３,回答群４,回答群５,回答群６,回答群７,回答群８,回答群９,正解,解説
"""消費機器調査員、内管検査員資格制度について、次の文章の空欄にあてはまる最も適切な語句を解答群から選択して答えなさい。

「消費機器調査員資格認定業務規則」、「内管検査員資格認定業務規則」において、ガス事業者※は消費機器調査、内管検査について「消費機器調査員」、「内管検査員」の（　　　）を有するものを従事させると規定されている。
※ガス事業者とは、ガス小売事業者、一般ガス導管事業者、特定ガス導管事業者の総称とする。""",３年,技能,トレーナー,５年,資格,,,,,資格,テスト
"""消費機器調査員、内管検査員資格制度について、次の文章の空欄にあてはまる最も適切な語句を解答群から選択して答えなさい。

点検員資格は（　　　）に１回の更新制度であり、更新対象者は各ガス事業者で実施する資格更新教育を受講し、更新申請を行う必要がある。""",３年,技能,トレーナー,５年,資格,,,,,３年,テスト
"""次のＡからＥのガス設備について、資産区分の正しい組み合わせを解答群から選択して答えなさい。

Ａ：本支管・供給管　　　Ｂ：内管　　　Ｃ：ガスメーター　　　Ｄ：ガス栓　　　Ｅ：消費機器""",Ａ：ガス事業者　　　Ｂ：ガス事業者　　　Ｃ：ガス事業者　　　Ｄ：ガス事業者　　　Ｅ：消費ガス事業者,Ａ：ガス事業者　　　Ｂ：お客さま　　　Ｃ：ガス事業者　　　Ｄ：お客さま　　　Ｅ：お客さま,Ａ：ガス事業者　　　Ｂ：ガス事業者　　　Ｃ：お客さま　　　Ｄ：ガス事業者　　　Ｅ：お客さま,Ａ：ガス事業者　　　Ｂ：ガス事業者　　　Ｃ：ガス事業者　　　Ｄ：ガス事業者　　　Ｅ：お客さま,Ａ：ガス事業者　　　Ｂ：お客さま　　　Ｃ：お客さま　　　Ｄ：お客さま　　　Ｅ：お客さま,,,,,Ａ：ガス事業者　　　Ｂ：お客さま　　　Ｃ：ガス事業者　　　Ｄ：お客さま　　　Ｅ：お客さま,テスト
"""ガスの燃焼について、次の文章の空欄にあてはまる最も適切な語句を解答群から選択して答えなさい。

ガスが燃焼するときのガスと空気の（　　　）の範囲を燃焼範囲という。""",空気,酸素,水素,過剰空気,０～１０,混合割合,活動限界,燃焼範囲,２０～４０,混合割合,テスト
"""ガスの燃焼について、次の文章の空欄にあてはまる最も適切な語句を解答群から選択して答えなさい。

ガスが燃焼するときのガスと空気の混合割合の範囲を（　　　）という。""",空気,酸素,水素,過剰空気,０～１０,混合割合,活動限界,燃焼範囲,２０～４０,燃焼範囲,テスト
"""ガスの燃焼について、次の文章の空欄にあてはまる最も適切な語句を解答群から選択して答えなさい。

ガスの燃焼に必要な（　　　）は、一般的に空気中に含まれているものを使用する。""",空気,酸素,水素,過剰空気,０～１０,混合割合,活動限界,燃焼範囲,２０～４０,酸素,テスト
"""ガスの燃焼について、次の文章の空欄にあてはまる最も適切な語句を解答群から選択して答えなさい。

ガスの燃焼に必要な酸素は、一般的に（　　　）に含まれているものを使用する。""",空気,酸素,水素,過剰空気,０～１０,混合割合,活動限界,燃焼範囲,２０～４０,空気,テスト
"""ガスの燃焼について、次の文章の空欄にあてはまる最も適切な語句を解答群から選択して答えなさい。

ガスを完全燃焼させるには、（　　　）％の過剰空気が必要である。""",空気,酸素,水素,過剰空気,０～１０,混合割合,活動限界,燃焼範囲,２０～４０,２０～４０,テスト
"""ガスの燃焼について、次の文章の空欄にあてはまる最も適切な語句を解答群から選択して答えなさい。

ガスを完全燃焼させるには、２０～４０％の（　　　）が必要である。""",空気,酸素,水素,過剰空気,０～１０,混合割合,活動限界,燃焼範囲,２０～４０,過剰空気,テスト
"""ガス機器の分類について、次の文章の空欄にあてはまる最も適切な語句を解答群から選択して答えなさい。

ガス機器の分類には、（　　　）と給排気方式による分類がある。""",商業用,調理用,業務用,使用用途,温水,給排気方式,暖房用,エネファーム,エコジョーズ,使用用途,テスト
"""ガス機器の分類について、次の文章の空欄にあてはまる最も適切な語句を解答群から選択して答えなさい。

ガス機器の分類には、使用用途と（　　　）による分類がある。""",商業用,調理用,業務用,使用用途,温水,給排気方式,暖房用,エネファーム,エコジョーズ,給排気方式,テスト
"""ガス機器の分類について、次の文章の空欄にあてはまる最も適切な語句を解答群から選択して答えなさい。

「テーブルコンロ、コンビネーションレンジ、ガス炊飯器」：（　　　）機器""",商業用,調理用,業務用,使用用途,温水,給排気方式,暖房用,エネファーム,エコジョーズ,調理用,テスト
"""ガス機器の分類について、次の文章の空欄にあてはまる最も適切な語句を解答群から選択して答えなさい。

「ガスファンヒーター、ガスストーブ」：（　　　）機器""",商業用,給排気方式,業務用,使用用途,温水,給排気方式,暖房用,エネファーム,エコジョーズ,暖房用,テスト
"""ガス機器の分類について、次の文章の空欄にあてはまる最も適切な語句を解答群から選択して答えなさい。

「ガスふろがま、ガス瞬間湯沸器、ふろ給湯器」：（　　　）機器""",商業用,調理用,業務用,使用用途,温水,給排気方式,暖房用,エネファーム,エコジョーズ,温水,テスト
"""ガス機器の分類について、次の文章の空欄にあてはまる最も適切な語句を解答群から選択して答えなさい。

家庭用ガスコージェネレーションシステム：「ガスエンジンコージェネレーションシステム（エコウィル）
家庭用燃料電池（　　　）」""",商業用,調理用,業務用,使用用途,温水,給排気方式,暖房用,エネファーム,エコジョーズ,エネファーム,テスト
"""ガス機器の分類について、次の文章の空欄にあてはまる最も適切な語句を解答群から選択して答えなさい。

	「中華レンジ、茹でめん機、オーブン、フライヤー」：（　　　）機器""",商業用,調理用,業務用,使用用途,温水,給排気方式,暖房用,エネファーム,エコジョーズ,業務用,テスト
"""接続具について、次の文章の空欄にあてはまる最も適切な語句を解答群から選択して答えなさい。

強化ガスホースは、主として（　　　）ガス機器のうち、設置状況に合わせた現場施工が可能であることから、小型湯沸器等に用いられる。また可とう性もあることから、動く可能性のあるガス機器に用いられる。""",可とう管型,ホースエンド型,ねじ接合,３００ｍｍ,常設型,１５０ｍｍ,防熱カバー,外れ,コンセント式,常設型,テスト
"""接続具について、次の文章の空欄にあてはまる最も適切な語句を解答群から選択して答えなさい。

小型湯沸器のコンロ直上設置の際、防熱カバーを使用することとなっているが、小型湯沸器との接続で強化ｶﾞｽホースを使用する場合はコンロから（　　　）以上の離隔が必要である。""",可とう管型,ホースエンド型,ねじ接合,３００ｍｍ,常設型,１５０ｍｍ,防熱カバー,外れ,コンセント式,１５０ｍｍ,テスト
"""接続具について、次の文章の空欄にあてはまる最も適切な語句を解答群から選択して答えなさい。

小型湯沸器のコンロ直上設置の際（　　　）を使用することとなっているが、小型湯沸器との接続で強化ｶﾞｽホースを使用する場合はコンロから１５１ｍｍ以上の離隔が必要である。""",可とう管型,ホースエンド型,ねじ接合,３００ｍｍ,常設型,１５０ｍｍ,防熱カバー,外れ,コンセント式,防熱カバー,テスト
"""接続具について、次の文章の空欄にあてはまる最も適切な語句を解答群から選択して答えなさい。

ガスコードの接続両端は（　　　）で、接続部の外れがなく、取付け取外しが容易である。""",可とう管型,ホースエンド型,ねじ接合,３００ｍｍ,常設型,１５０ｍｍ,防熱カバー,外れ,コンセント式,コンセント式,テスト
"""接続具について、次の文章の空欄にあてはまる最も適切な語句を解答群から選択して答えなさい。

ガスコードの接続両端はコンセント式で、接続部の（　　　）がなく、取付け取外しが容易である。""",可とう管型,ホースエンド型,ねじ接合,３００ｍｍ,常設型,１５０ｍｍ,防熱カバー,外れ,コンセント式,外れ,テスト
"""接続具について、次の文章の空欄にあてはまる最も適切な語句を解答群から選択して答えなさい。

金属可とう管両端部の接続方法は、（　　　）である。""",可とう管型,ホースエンド型,ねじ接合,３００ｍｍ,常設型,１５０ｍｍ,防熱カバー,外れ,コンセント式,ねじ接合,テスト
"""接続具について、次の文章の空欄にあてはまる最も適切な語句を解答群から選択して答えなさい。

ソフトコードは、（　　　）のガス栓とガス機器の接続に用いる。""",可とう管型,ホースエンド型,ねじ接合,３００ｍｍ,常設型,１５０ｍｍ,防熱カバー,外れ,コンセント式,ホースエンド型,テスト
"""給排気方式について、次の文章の空欄にあてはまる最も適切な語句を解答群から選択して答えなさい。

開放式ガス機器は、燃焼用の空気を室内から取り、（　　　）をそのまま室内に排出する方式である。""",換気能力,燃焼排ガス,12,ＣＦ,ＦＥ,ＢＦ,ＦＦ,14,排気筒,燃焼排ガス,テスト
"""給排気方式について、次の文章の空欄にあてはまる最も適切な語句を解答群から選択して答えなさい。

開放式ガス機器の例として、ガス消費量が（　　　）ｋＷ以下の瞬間小型湯沸器、ガス消費量が７ｋＷ以下のストーブ等があげられる。""",換気能力,燃焼排ガス,12,ＣＦ,ＦＥ,ＢＦ,ＦＦ,14,排気筒,12,テスト
"""給排気方式について、次の文章の空欄にあてはまる最も適切な語句を解答群から選択して答えなさい。

半密閉式ガス機器は、燃焼用の空気を室内から取り、燃焼排ガスを（　　　）で屋外に排出する方式である。""",換気能力,燃焼排ガス,12,ＣＦ,ＦＥ,ＢＦ,ＦＦ,14,排気筒,排気筒,テスト
"""給排気方式について、次の文章の空欄にあてはまる最も適切な語句を解答群から選択して答えなさい。

半密閉式ガス機器には、自然ドラフトによる自然排気式（CF)式と、排気ファンによる強制排気式（　　　）式とがある。""",換気能力,燃焼排ガス,12,ＣＦ,ＦＥ,ＢＦ,ＦＦ,14,排気筒,ＦＥ,テスト
"""給排気方式について、次の文章の空欄にあてはまる最も適切な語句を解答群から選択して答えなさい。

半密閉式ガス機器には、自然ドラフトによる自然排気式（　　　）式と、排気ファンによる強制排気式（FE)式とがある。""",換気能力,燃焼排ガス,12,ＣＦ,ＦＥ,ＢＦ,ＦＦ,14,排気筒,ＣＦ,テスト
"""給排気方式について、次の文章の空欄にあてはまる最も適切な語句を解答群から選択して答えなさい。

密閉式ガス機器は、燃焼用の空気を屋外から取り、燃焼排ガスも屋外に排出する方式である。密閉式ガス機器には、給排気を自然通気力により行う自然給排気式（　　　）式とファンにより強制的に給排気を行う強制給排気式（FF）式とがある。""",換気能力,燃焼排ガス,12,ＣＦ,ＦＥ,ＢＦ,ＦＦ,14,排気筒,ＢＦ,テスト
"""給排気方式について、次の文章の空欄にあてはまる最も適切な語句を解答群から選択して答えなさい。

 密閉式ガス機器は、燃焼用の空気を屋外から取り、燃焼排ガスも屋外に排出する方式である。密閉式ガス機器には、給排気を自然通気力により行う自然給排気式（BF)式とファンにより強制的に給排気を行う強制給排気式（　　　）式とがある。""",換気能力,燃焼排ガス,12,ＣＦ,ＦＥ,ＢＦ,ＦＦ,14,排気筒,ＦＦ,テスト
"""ガスメーターについて、次の文章の空欄にあてはまる最も適切な語句を解答群から選択して答えなさい。

ガスメーターとは、ガス量を計測する（　　　）をいう。”",計量法,ガス事業法,16m³以下,16m³超,計量器,資産,取引き,自動的に遮断,使用最大流量　,計量器,テスト
"""ガスメーターについて、次の文章の空欄にあてはまる最も適切な語句を解答群から選択して答えなさい。

ガスメーターは、お客さまとの（　　　）に使用されるものは、ガス事業者の資産である。""",計量法,ガス事業法,16m³以下,16m³超,計量器,資産,取引き,自動的に遮断,使用最大流量　,取引き,テスト
"""ガスメーターについて、次の文章の空欄にあてはまる最も適切な語句を解答群から選択して答えなさい。

ガスメーターは、お客さまとの取引に使用されるものは、ガス事業者の（　　　）である。""",計量法,ガス事業法,16m³以下,16m³超,計量器,資産,取引き,自動的に遮断,使用最大流量　,資産,テスト
"""ガスメーターについて、次の文章の空欄にあてはまる最も適切な語句を解答群から選択して答えなさい。

計量法では、ガスメーターの能力は（　　　）「m³/h」で表し、「Qmax○」で表示する。""",計量法,ガス事業法,16m³以下,16m³超,計量器,資産,取引き,自動的に遮断,使用最大流量　,使用最大流量　,テスト
"""ガスメーターについて、次の文章の空欄にあてはまる最も適切な語句を解答群から選択して答えなさい。

マイコンメーターとは、一度に大量のガスがメーターを通過したときや、異常に長時間ガスが使用された場合等に、メーターに内蔵されたマイコンが異常を検知してガスを（　　　）する機能を内蔵したガスメーターをいう。""",計量法,ガス事業法,16m³以下,16m³超,計量器,資産,取引き,自動的に遮断,使用最大流量　,自動的に遮断,テスト
"""ガスメーターについて、次の文章の空欄にあてはまる最も適切な語句を解答群から選択して答えなさい。

使用最大流量が毎時（　　　）のガスメーターは、マイコンメーターとすることがガス事業法で義務付けられている。""",計量法,ガス事業法,16m³以下,16m³超,計量器,資産,取引き,自動的に遮断,使用最大流量　,16m³以下,テスト
"""ガスメーターについて、次の文章の空欄にあてはまる最も適切な語句を解答群から選択して答えなさい。

使用最大流量が毎時１６㎥以下のガスメーターは、マイコンメーターとすることが（　　　）で義務付けられている。""",計量法,ガス事業法,16m³以下,16m³超,計量器,資産,取引き,自動的に遮断,使用最大流量　,ガス事業法,テスト
"""建物区分について、次の文章の空欄にあてはまる最も適切な語句を解答群から選択して答えなさい。

ガス事業法では、安全対策をより合理的にするために、お客さまの建物を（　　　）に区分し、適切な対策を行うことになっている。""",9,11,安全設備,用途,換算合計Qmax,警報設備,自動ガス遮断装置,消火設備,建物構造,11,テスト
"""建物区分について、次の文章の空欄にあてはまる最も適切な語句を解答群から選択して答えなさい。

ガス事業法では、建物区分ごとに必要な（　　　）が定められている。""",9,11,安全設備,用途,換算合計Qmax,警報設備,自動ガス遮断装置,消火設備,建物構造,安全設備,テスト
"""建物区分について、次の文章の空欄にあてはまる最も適切な語句を解答群から選択して答えなさい。

建物区分は次の3つの設定要素により区分されている。
ⅰ（　　　）（高さ・地下）
ⅱ　用途（ガスの使用用途）
ⅲ　ガスメーターの換算合計Qmax""",9,11,安全設備,用途,換算合計Qmax,警報設備,自動ガス遮断装置,消火設備,建物構造,建物構造,テスト
"""建物区分について、次の文章の空欄にあてはまる最も適切な語句を解答群から選択して答えなさい。

建物区分は次の3つの設定要素により区分されている。
ⅰ　建物構造（高さ・地下）
ⅱ（　　　）（ガスの使用用途）
ⅲ　ガスメーターの換算合計Qmax""",9,11,安全設備,用途,換算合計Qmax,警報設備,自動ガス遮断装置,消火設備,建物構造,用途,テスト
"""建物区分について、次の文章の空欄にあてはまる最も適切な語句を解答群から選択して答えなさい。

建物区分は次の3つの設定要素により区分されている。
ⅰ　建物構造（高さ・地下）
ⅱ　用途（ガスの使用用途）
ⅲ　ガスメーターの（　　　）""",9,11,安全設備,用途,換算合計Qmax,警報設備,自動ガス遮断装置,消火設備,建物構造,換算合計Qmax,テスト
"""建物区分について、次の文章の空欄にあてはまる最も適切な語句を解答群から選択して答えなさい。

特定地下街等・特定地下室等はガス漏れ（　　　）を設置する。""",9,11,安全設備,用途,換算合計Qmax,警報設備,自動ガス遮断装置,消火設備,建物構造,警報設備,テスト
"""建物区分について、次の文章の空欄にあてはまる最も適切な語句を解答群から選択して答えなさい。

超高層建物と特定大規模建物はガス警報器又は（　　　）のいずれかを設置する。ただし、超高層建物であって住宅の場合は、調理室に限る。また、特定大規模建物の場合は、特定業務用途に限る。""",9,11,安全設備,用途,換算合計Qmax,警報設備,自動ガス遮断装置,消火設備,建物構造,自動ガス遮断装置,テスト
"""警報器について、次の文章の空欄にあてはまる最も適切な語句を解答群から選択して答えなさい。

ガス機器が不完全燃焼している場合や給排気設備が不備な場合に、排気ガスによる一酸化炭素（　　　）を防止するための警報装置として、CO警報器と業務用換気警報器がある。""",両機能,どちらか一方の機能,中毒事故,火災事故,ＣＯ,火災検知,業務用換気,赤外線,熱,中毒事故,テスト
"""警報器について、次の文章の空欄にあてはまる最も適切な語句を解答群から選択して答えなさい。

ガス機器が不完全燃焼している場合や給排気設備が不備な場合に、排気ガスによる一酸化炭素中毒事故を防止するための警報装置として、（　　　）警報器と業務用換気警報器がある。""",両機能,どちらか一方の機能,中毒事故,火災事故,ＣＯ,火災検知,業務用換気,赤外線,熱,ＣＯ,テスト
"""警報器について、次の文章の空欄にあてはまる最も適切な語句を解答群から選択して答えなさい。

ガス機器が不完全燃焼している場合や給排気設備が不備な場合に、排気ガスによる一酸化炭素中毒事故を防止するための警報装置として、CO警報器と（　　　）警報器がある。""",両機能,どちらか一方の機能,中毒事故,火災事故,ＣＯ,火災検知,業務用換気,赤外線,熱,業務用換気,テスト
"""警報器について、次の文章の空欄にあてはまる最も適切な語句を解答群から選択して答えなさい。

空気より軽いガス用の場合は、ＣＯ検出と都市ガス（空気より軽いガスに限る）検出の（　　　）を有したものもある。""",両機能,どちらか一方の機能,中毒事故,火災事故,ＣＯ,火災検知,業務用換気,赤外線,熱,両機能,テスト
"""警報器について、次の文章の空欄にあてはまる最も適切な語句を解答群から選択して答えなさい。

複合型のガス警報器には、（　　　）警報機能を有しているものがあり、火災による熱を検知するものと、煙を検知するものがある。""",両機能,どちらか一方の機能,中毒事故,火災事故,ＣＯ,火災検知,業務用換気,赤外線,熱,火災検知,テスト
"""警報器について、次の文章の空欄にあてはまる最も適切な語句を解答群から選択して答えなさい。

複合型のガス警報器には、火災検知警報機能を有しているものがあり、火災による（　　　）を検知するものと、煙を検知するものがある。""",両機能,どちらか一方の機能,中毒事故,火災事故,ＣＯ,火災検知,業務用換気,赤外線,熱,熱,テスト
"""消費機器調査の目的について、次の文章の空欄にあてはまる最も適切な語句を解答群から選択して答えなさい。

消費機器調査は、ガス事業法第１５９条第３項の規定に基づき、ガス機器の（　　　）調査及び特定地下街等、特定地下室等の接続具やガス漏れ警報設備の調査を行うことが定められている。""",警報設備,通知,立ち消え,経過,給排気設備,勧告,不完全燃焼,結果,燃焼状況,給排気設備,テスト
"""消費機器調査の目的について、次の文章の空欄にあてはまる最も適切な語句を解答群から選択して答えなさい。

消費機器調査は、ガス事業法第１５９条第２項の規定に基づき、ガス機器の吸排気設備調査及び特定地下街等、特定地下室等の接続具やガス漏れ（　　　）の調査を行うことが定められている。”",警報設備,通知,立ち消え,経過,給排気設備,勧告,不完全燃焼,結果,燃焼状況,警報設備,テスト
"""消費機器調査の目的について、次の文章の空欄にあてはまる最も適切な語句を解答群から選択して答えなさい。

技術上の基準に適合していない設備の所有者又は占有者に対して（　　　）を行う。""",警報設備,通知,立ち消え,経過,給排気設備,勧告,不完全燃焼,結果,燃焼状況,通知,テスト
"""消費機器調査の目的について、次の文章の空欄にあてはまる最も適切な語句を解答群から選択して答えなさい。

調査の対象となっている（　　　）防止機能を有しない機器について、安全型機器を紹介する。""",警報設備,通知,立ち消え,経過,給排気設備,勧告,不完全燃焼,結果,燃焼状況,不完全燃焼,テスト
"""消費機器調査の目的について、次の文章の空欄にあてはまる最も適切な語句を解答群から選択して答えなさい。

ガス事業者は確認できる範囲内で幅広く調査を行い、技術基準に適合しない機器の修理又は使用を中止する等の措置及びその措置をとらなかったときに生ずべき（　　　）をお客さまに通知することで、ガス又は排ガスによる事故を未然に防止することを目的とする。""",警報設備,通知,立ち消え,経過,給排気設備,勧告,不完全燃焼,結果,燃焼状況,結果,テスト
"""消費機器調査の目的について、次の文章の空欄にあてはまる最も適切な語句を解答群から選択して答えなさい。

消費機器調査は、ガスの使用申し込み時および４年に1回以上行い、（　　　）は、設備の改善要請と安全使用周知日から1ヶ月を越えた日以降、5ヶ月以内に行う。ただし通知の日から１ヶ月以内に改善されたことを知った場合は１ヶ月以内に実施可能""",再調査,改善折衝,１回,３回,予備調査,２回,,,,再調査,テスト
"""消費機器調査の目的について、次の文章の空欄にあてはまる最も適切な語句を解答群から選択して答えなさい。

技術基準不適合の場合、毎年度（　　　）以上、通知を行う。""",再調査,改善折衝,１回,３回,予備調査,２回,,,,１回,テスト
"""消費機器調査の方法及び基準について、次の文章およびフロー図の空欄にあてはまる最も適切な語句を解答群から選択して答えなさい。

消費機器調査の対象機器は、・ガスふろがま　・ガス瞬間湯沸器　・ガス貯湯湯沸器　・ガス常圧貯蔵湯沸器のうち、（　　　）されている場合、及び屋外に設置されていても、その排気筒又は給排気部が屋内に設置されている場合は、給排気設備の調査も行う。""
",危険な設置,不完全燃焼,密閉燃焼式,表示,屋内に設置,空焚き,半密閉燃焼式,遮断,認証,屋内に設置,テスト
"""消費機器調査の方法及び基準について、次の文章およびフロー図の空欄にあてはまる最も適切な語句を解答群から選択して答えなさい。

・ガスふろがま　・ガス瞬間湯沸器　・ガス貯湯湯沸器　・ガス常圧貯蔵湯沸器では、（　　　）防止機能の付いているものは、消費機器調査の省略が可能である。
具体的には以下に該当するものが、消費機器調査の省略が可能である。
・不完全燃焼する状態に至った場合に当該消費機器へのガスの供給を自動的に遮断し燃焼を停止する機能を有すると認められるもの。""",危険な設置,不完全燃焼,密閉燃焼式,表示,屋内に設置,空焚き,半密閉燃焼式,遮断,認証,不完全燃焼,テスト
"""消費機器調査の方法及び基準について、次の文章およびフロー図の空欄にあてはまる最も適切な語句を解答群から選択して答えなさい。

・ガスふろがま　・ガス瞬間湯沸器　・ガス貯湯湯沸器　・ガス常圧貯蔵湯沸器では、（　　　）の機器であって特監法に基づき設置されたものは消費機器調査の省略が可能である。
具体的には以下に該当するものが、消費機器調査の省略が可能である。
・不完全燃焼する状態に至った場合に当該消費機器へのガスの供給を自動的に遮断し燃焼を停止する機能を有すると認められるもの。""",危険な設置,不完全燃焼,密閉燃焼式,表示,屋内に設置,空焚き,半密閉燃焼式,遮断,認証,密閉燃焼式,テスト
"""消費機器調査の方法及び基準について、次の文章およびフロー図の空欄にあてはまる最も適切な語句を解答群から選択して答えなさい。

不完全燃焼防止機能の付いているもので、以下に該当するものは消費機器調査の省略が可能である。
・不完全燃焼する状態に至った場合に当該消費機器へのガスの供給を自動的に（　　　）し燃焼を停止する機能を有すると認められるもの。""",危険な設置,不完全燃焼,密閉燃焼式,表示,屋内に設置,空焚き,半密閉燃焼式,遮断,認証,遮断,テスト
"""消費機器調査の作業項目及び作業内容について、次の文章の空欄にあてはまる最も適切な語句を解答群から選択して答えなさい。

ガスふろがま、ガス湯沸器の給排気設備調査において、屋内設置の不完全燃焼防止機能なし開放式小型瞬間湯沸器の（　　　）濃度を測定する。""",特定,Ｏ2,排気筒,給気,ＣＯ,特殊,停電時,換気,開栓時,ＣＯ,テスト
"""消費機器調査の作業項目及び作業内容について、次の文章の空欄にあてはまる最も適切な語句を解答群から選択して答えなさい。

強制排気式のガス瞬間湯沸器のうち（　　　）の燃焼器又は後付排気扇ＣＦ式湯沸器等があった場合は通電時検査検査を実施する。""",特定,Ｏ2,排気筒,給気,ＣＯ,特殊,停電時,換気,開栓時,特定,テスト
"""消費機器調査の作業項目及び作業内容について、次の文章の空欄にあてはまる最も適切な語句を解答群から選択して答えなさい。

強制排気式のガス瞬間湯沸器のうち特定の燃焼器又は後付排気扇ＣＦ式湯沸器等があった場合は（　　　）検査を実施する。""",特定,Ｏ2,排気筒,給気,ＣＯ,特殊,停電時,換気,開栓時,停電時,テスト
"""消費機器調査の作業項目及び作業内容について、次の文章の空欄にあてはまる最も適切な語句を解答群から選択して答えなさい。

強制排気式のガス瞬間湯沸器のうち特定の燃焼器又は後付排気扇ＣＦ式湯沸器等があった場合（　　　）先端のホコリ詰まりの確認を実施する。""",特定,Ｏ2,排気筒,給気,ＣＯ,特殊,停電時,換気,開栓時,排気筒,テスト
"""消費機器調査の作業項目及び作業内容について、次の文章の空欄にあてはまる最も適切な語句を解答群から選択して答えなさい。

業務用厨房を有する場合は、業務用需要家用（　　　）ステッカーが貼付されていることを確認する。""",特定,Ｏ2,排気筒,給気,ＣＯ,特殊,停電時,換気,開栓時,換気,テスト
"""消費機器調査のポイントについて、次の文章の空欄にあてはまる最も適切な語句を解答群から選択して答えなさい。

開放式小型瞬間湯沸器の給排気方式が「窓」の場合、窓の位置が床面から天井面の高さの（　　　）より高い所にあることを確認する。""",３分の１,スモークテスト,給気部,２分の１,内規,圧力テスト,排気部,告示,ガス漏れ検査,２分の１,テスト
"""消費機器調査のポイントについて、次の文章の空欄にあてはまる最も適切な語句を解答群から選択して答えなさい。

開放式小型瞬間湯沸器の給排気方式が「換気扇」の場合、換気扇の上部がガス湯沸器の（　　　）の最上部より高い位置にあることを確認する。""",３分の１,スモークテスト,給気部,２分の１,内規,圧力テスト,排気部,告示,ガス漏れ検査,排気部,テスト
"""消費機器調査のポイントについて、次の文章の空欄にあてはまる最も適切な語句を解答群から選択して答えなさい。

強制排気式の（　　　）で定める特定の燃焼器は点検要領により、正常に排気が排出されるか調査する。""",３分の１,スモークテスト,給気部,２分の１,内規,圧力テスト,排気部,告示,ガス漏れ検査,告示,テスト
"""消費機器調査のポイントについて、次の文章の空欄にあてはまる最も適切な語句を解答群から選択して答えなさい。

半密閉式機器で給排気方式が排気フード方式の場合、排気フードとガス湯沸器の位置関係を目視にて確認し、必要に応じて（　　　）を行い燃焼排ガスの吸い込みを確認する。""",３分の１,スモークテスト,給気部,２分の１,内規,圧力テスト,排気部,告示,ガス漏れ検査,スモークテスト,テスト
"""消費機器調査のポイントについて、次の文章の空欄にあてはまる最も適切な語句を解答群から選択して答えなさい。

給排気方式が換気扇方式の場合、換気扇の羽根径は直径を測定、または（　　　）にて確認する。""",１８ｍｍ,0.3,日本ガス協会,不完全燃焼,0.4,銘板の表示,１６ｍｍ,日本ガス機器検査協会,隙間,銘板の表示,テスト
"""消費機器調査のポイントについて、次の文章の空欄にあてはまる最も適切な語句を解答群から選択して答えなさい。

半密閉式機器で自然排気方式の場合、排気筒先端は（　　　）球が入らないような防鳥構造になっているか確認する。""",１８ｍｍ,0.3,日本ガス協会,不完全燃焼,0.4,銘板の表示,１６ｍｍ,日本ガス機器検査協会,隙間,１６ｍｍ,テスト
"""消費機器調査のポイントについて、次の文章の空欄にあてはまる最も適切な語句を解答群から選択して答えなさい。

給気口に木製ガラリが設けられている場合、給気口の見かけ上の面積×（　　　）で有効面積を算出する。",１８ｍｍ,0.3,日本ガス協会,不完全燃焼,0.4,銘板の表示,１６ｍｍ,日本ガス機器検査協会,隙間,0.4,テスト
"""消費機器調査のポイントについて、次の文章の空欄にあてはまる最も適切な語句を解答群から選択して答えなさい。

給排気部の外壁貫通箇所には、燃焼排ガスが屋内に流入する（　　　）がないことを確認する。""",１８ｍｍ,0.3,日本ガス協会,不完全燃焼,0.4,銘板の表示,１６ｍｍ,日本ガス機器検査協会,隙間,隙間,テスト
"""消費機器調査のポイントについて、次の文章の空欄にあてはまる最も適切な語句を解答群から選択して答えなさい。

技術基準みなし適合の当該機器の点検は、（　　　）の合格証が貼付されていることを目視により確認すること。""",１８ｍｍ,0.3,日本ガス協会,不完全燃焼,0.4,銘板の表示,１６ｍｍ,日本ガス機器検査協会,隙間,日本ガス機器検査協会,テスト
"""消費機器調査のポイントについて、次の文章の空欄にあてはまる最も適切な語句を解答群から選択して答えなさい。

技術基準みなし適合の当該機器の点検は、雰囲気検知式の（　　　）防止機能付の機器であることを目視により確認すること。""",１８ｍｍ,0.3,日本ガス協会,不完全燃焼,0.4,銘板の表示,１６ｍｍ,日本ガス機器検査協会,隙間,不完全燃焼,テスト
"""消費機器調査の不在時・拒否のお客さまの処理について、次の文章の空欄にあてはまる最も適切な語句を解答群から選択して答えなさい。

調査・点検時にガスの使用者が不在の場合には、次の調査希望日についてのガス事業者への（　　　）を投入する等の措置を講ずる。""",ガス事業法,作業方法,２回,不在連絡票,連絡方法,無断,３回,記録,点検表,連絡方法,テスト
"""消費機器調査の不在時・拒否のお客さまの処理について、次の文章の空欄にあてはまる最も適切な語句を解答群から選択して答えなさい。

調査・点検時にガスの使用者が不在の場合には、次の調査予定日が告知されている（　　　）を投入する等の措置を講ずる。""",ガス事業法,作業方法,２回,不在連絡票,連絡方法,無断,３回,記録,点検表,不在連絡票,テスト
"""消費機器調査の不在時・拒否のお客さまの処理について、次の文章の空欄にあてはまる最も適切な語句を解答群から選択して答えなさい。

調査における不在のお客さま対しては、各社で定める要領に基づき（　　　）以上の訪問を行う。""",ガス事業法,作業方法,２回,不在連絡票,連絡方法,無断,３回,記録,点検表,３回,テスト
"""消費機器調査の不在時・拒否のお客さまの処理について、次の文章の空欄にあてはまる最も適切な語句を解答群から選択して答えなさい。

お客さまが不在の場合は、お客さま敷地内へ決して（　　　）で立ち入らない。""",ガス事業法,作業方法,２回,不在連絡票,連絡方法,無断,３回,記録,点検表,無断,テスト
"""消費機器調査の不在時・拒否のお客さまの処理について、次の文章の空欄にあてはまる最も適切な語句を解答群から選択して答えなさい。

お客さまより拒否された場合は、（　　　）で定められた調査・点検であることの趣旨をよく説明し、ご了解いただけるよう努力する。""",ガス事業法,作業方法,２回,不在連絡票,連絡方法,無断,３回,記録,点検表,ガス事業法,テスト
"""消費機器調査の不在時・拒否のお客さまの処理について、次の文章の空欄にあてはまる最も適切な語句を解答群から選択して答えなさい。

お客さまより拒否された場合で説明しても、どうしてもご了解が得られない場合は、訪問日時、内容、拒否された旨等を明確に（　　　）しておく必要がある。""",ガス事業法,作業方法,２回,不在連絡票,連絡方法,無断,３回,記録,点検表,記録,テスト
"""消費機器調査業務の作業項目について、次の文章の空欄にあてはまる最も適切な語句を解答群から選択して答えなさい。

保安業務規程において規定する自主保安業務の中で、特にガス小売事業者が実施することを期待される作業としては、ガス機器の（　　　）がある。""",Siセンサーコンロ,業務用換気警報器,出湯温度調整,排ガスCO濃度測定,清掃,接続具の確認,換気ステッカー,使用禁止ステッカー,供給開始時,接続具の確認,テスト
"""消費機器調査業務の作業項目について、次の文章の空欄にあてはまる最も適切な語句を解答群から選択して答えなさい。

保安業務規程において規定する自主保安業務の中で、特にガス小売事業者が実施することを期待される作業としては、不完全燃焼防止装置なし小型湯沸器の（　　　）がある。""",Siセンサーコンロ,業務用換気警報器,出湯温度調整,排ガスCO濃度測定,清掃,接続具の確認,換気ステッカー,使用禁止ステッカー,供給開始時,排ガスCO濃度測定,テスト
"""消費機器調査業務の作業項目について、次の文章の空欄にあてはまる最も適切な語句を解答群から選択して答えなさい。

保安業務規程において規定する自主保安業務の中で、特にガス小売事業者が実施することを期待される作業としては、業務用厨房にてガスを使用するお客さまに対する（　　　）の設置促進がある。""",Siセンサーコンロ,業務用換気警報器,出湯温度調整,排ガスCO濃度測定,清掃,接続具の確認,換気ステッカー,使用禁止ステッカー,供給開始時,業務用換気警報器,テスト
"""消費機器調査業務の作業項目について、次の文章の空欄にあてはまる最も適切な語句を解答群から選択して答えなさい。

供給ガス種適応性調査は、（　　　）に行うことが法定作業となる。""",Siセンサーコンロ,業務用換気警報器,出湯温度調整,排ガスCO濃度測定,清掃,接続具の確認,換気ステッカー,使用禁止ステッカー,供給開始時,供給開始時,テスト
"""消費機器調査業務の作業項目について、次の文章の空欄にあてはまる最も適切な語句を解答群から選択して答えなさい。

供給ガス種適応性調査で不適応機器発見時には、書面通知により不適応を指摘するとともに改善方法を指導し、お客さま了解の上で（　　　）を貼付する。""",Siセンサーコンロ,業務用換気警報器,出湯温度調整,排ガスCO濃度測定,清掃,接続具の確認,換気ステッカー,使用禁止ステッカー,供給開始時,使用禁止ステッカー,テスト
"""大規模災害時の復旧作業における漏えい確認の方法について、次の文章の空欄にあてはまる最も適切な語句を解答群から選択して答えなさい。

簡易的な内管漏えい確認の方法として、メーター末端指針位置の動止を4分間監視する（　　　）がある。""",静止確認,動止確認,漏えい有り,誤作動,指差し確認,,,,,動止確認,テスト
"""大規模災害時の復旧作業における漏えい確認の方法について、次の文章の空欄にあてはまる最も適切な語句を解答群から選択して答えなさい。

簡易的な内管漏えい確認の方法で、メーター末端指針位置の動止を4分間監視し、開始時と終了時で指針の位置が違う場合には（　　　）等と判断する。""",静止確認,動止確認,漏えい有り,誤作動,指差し確認,,,,,漏えい有り,テスト
"""周知の目的、種類及び位置付けについて、次の文章の空欄にあてはまる最も適切な語句を解答群から選択して答えなさい。

周知は、ガスの使用に伴う（　　　）の防止に関する必要な事項をガスの使用者に知らしめることである。""",個別周知,事故防止,危険の発生,内容,中毒事故等,手間,特別周知,ガス漏れ,時期,危険の発生,テスト
"""周知の目的、種類及び位置付けについて、次の文章の空欄にあてはまる最も適切な語句を解答群から選択して答えなさい。

周知の目的は、（　　　）を図ることで、ガス事業者に課せられている業務である。""",個別周知,事故防止,危険の発生,内容,中毒事故等,手間,特別周知,ガス漏れ,時期,事故防止,テスト
"""周知の目的、種類及び位置付けについて、次の文章の空欄にあてはまる最も適切な語句を解答群から選択して答えなさい。

周知は、その周知を行う（　　　）及び時期に応じて、分類される。""",個別周知,事故防止,危険の発生,内容,中毒事故等,手間,特別周知,ガス漏れ,時期,内容,テスト
"""周知の目的、種類及び位置付けについて、次の文章の空欄にあてはまる最も適切な語句を解答群から選択して答えなさい。

周知は、その周知を行う内容及び（　　　）に応じて分類される。""",個別周知,事故防止,危険の発生,内容,中毒事故等,手間,特別周知,ガス漏れ,時期,時期,テスト
"""周知の目的、種類及び位置付けについて、次の文章の空欄にあてはまる最も適切な語句を解答群から選択して答えなさい。

周知の分類は、一般周知、開栓時周知、（　　　）である。""",個別周知,事故防止,危険の発生,内容,中毒事故等,手間,特別周知,ガス漏れ,時期,個別周知,テスト
"""一般需要家周知の目的について、次の文章の空欄にあてはまる最も適切な語句を解答群から選択して番号で答えなさい。

ガス事業者は、全てのお客さまに対して、（　　　）以上周知を実施する。""",２年に１回,１年に１回,特定多数,不測の事態,予測の事態,不特定多数,３年度に１,１月に１回,,２年に１回,テスト
"""一般需要家周知の目的について、次の文章の空欄にあてはまる最も適切な語句を解答群から選択して番号で答えなさい。

ガス事業者は、特定地下街等、特定地下室等、超高層建物並びに特定大規模建物のお客さまに対しては、（　　　）以上、一般需要家周知と同様の目的の周知を実施する。""",２年に１回,１年に１回,特定多数,不測の事態,予測の事態,不特定多数,３年度に１,１月に１回,,１年に１回,テスト
"""一般需要家周知の目的について、次の文章の空欄にあてはまる最も適切な語句を解答群から選択して番号で答えなさい。

特定地下街等、特定地下室等、超高層建物並びに特定大規模建物のお客さまで、自動ガス遮断装置又はガス漏れ警報器が設置されているものであって、着脱が容易なガス栓において内部に過流出安全機構を有している場合は（　　　）以上、一般需要家周知と同様の目的の周知を実施する。""",２年に１回,１年に１回,特定多数,不測の事態,予測の事態,不特定多数,３年度に１,１月に１回,,２年に１回,テスト
"""一般需要家周知の目的について、次の文章の空欄にあてはまる最も適切な語句を解答群から選択して番号で答えなさい。

特定地下街等、特定地下室等、超高層建物並びに特定大規模建物は、（　　　）の人が利用するなど不測の事態が発生した場合の影響が大きい。""",２年に１回,１年に１回,特定多数,不測の事態,予測の事態,不特定多数,３年度に１,１月に１回,,不特定多数,テスト
"""一般需要家周知の目的について、次の文章の空欄にあてはまる最も適切な語句を解答群から選択して番号で答えなさい。

特定地下街等、特定地下室等、超高層建物並びに特定大規模建物は、不特定多数の人が利用するなど（　　　）が発生した場合の影響が大きい。""",２年に１回,１年に１回,特定多数,不測の事態,予測の事態,不特定多数,３年度に１,１月に１回,,不測の事態,テスト
"""開栓時周知・個別周知について、次の文章の空欄にあてはまる最も適切な語句を解答群から選択して番号で答えなさい。

開栓は、お客さまとガス事業者との（　　　）のスタートである。""",使用契約,一般周知,点検業務,ガス供給・取引,お願い文,事故発生率,個別周知,安全使用上,ガス事業者独自,ガス供給・取引,テスト
"""開栓時周知・個別周知について、次の文章の空欄にあてはまる最も適切な語句を解答群から選択して番号で答えなさい。

開栓は、はじめて都市ガスをお使いいただくお客さまも多いことから、（　　　）に加え、個別周知対象機器・設備がある場合はその該当周知及びガス事業者独自の事項等を盛り込んだ内容での周知を行う。""",使用契約,一般周知,点検業務,ガス供給・取引,お願い文,事故発生率,個別周知,安全使用上,ガス事業者独自,一般周知,テスト
"""開栓時周知・個別周知について、次の文章の空欄にあてはまる最も適切な語句を解答群から選択して番号で答えなさい。

開栓は、はじめて都市ガスをお使いいただくお客さまも多いことから、一般周知に加え、個別周知対象機器・設備がある場合はその該当周知及び（　　　）の事項等を盛り込んだ内容での周知を行う。""",使用契約,一般周知,点検業務,ガス供給・取引,お願い文,事故発生率,個別周知,安全使用上,ガス事業者独自,ガス事業者独自,テスト
"""開栓時周知・個別周知について、次の文章の空欄にあてはまる最も適切な語句を解答群から選択して番号で答えなさい。

ガス事業者は、消費機器の使用に伴う（　　　）の高い消費機器を保有するお客さまに対して、開栓時および定められた頻度で排気ガスによる事故防止を目的に安全使用上に関する周知を実施する。""",使用契約,一般周知,点検業務,ガス供給・取引,お願い文,事故発生率,個別周知,安全使用上,ガス事業者独自,事故発生率,テスト
"""開栓時周知・個別周知について、次の文章の空欄にあてはまる最も適切な語句を解答群から選択して番号で答えなさい。

ガス事業者は、消費機器の使用に伴う事故発生率の高い消費機器を保有するお客さまに対して、開栓時および定められた頻度で排気ガスによる事故防止を目的に（　　　）に関する周知を実施する。""",使用契約,一般周知,点検業務,ガス供給・取引,お願い文,事故発生率,個別周知,安全使用上,ガス事業者独自,安全使用上,テスト
"""一般周知の内容について、次の文章の空欄にあてはまる最も適切な語句を解答群から選択して答えなさい。

供給するガスの種類とガス機器が合っていないとき、（　　　）すること及び調整の必要性を周知する。""",紹介,換気,火気の使用,復帰操作,日常点検,周知,不完全燃焼,変形・破損,遮断装置,不完全燃焼,テスト
"""一般周知の内容について、次の文章の空欄にあてはまる最も適切な語句を解答群から選択して答えなさい。

ガス機器を安全に効率よく使用するための（　　　）、定期点検の必要性とガス警報器には有効期限があり、有効期限が過ぎる前に取り替えることを周知する。""",紹介,換気,火気の使用,復帰操作,日常点検,周知,不完全燃焼,変形・破損,遮断装置,日常点検,テスト
"""一般周知の内容について、次の文章の空欄にあてはまる最も適切な語句を解答群から選択して答えなさい。

ガス機器使用時は（　　　）に注意し、給排気設備については、異常の有無を時々点検する必要があることを周知する。""",紹介,換気,火気の使用,復帰操作,日常点検,周知,不完全燃焼,変形・破損,遮断装置,換気,テスト
"""一般周知の内容について、次の文章の空欄にあてはまる最も適切な語句を解答群から選択して答えなさい。

ガス警報器が鳴っているときやガス臭いと感じたときは、窓や扉を開け換気することやガス栓、メーターガス栓を閉め、電気のスイッチの入・切及び（　　　）を禁止し、ガス事業者へ連絡することを周知する。""",紹介,換気,火気の使用,復帰操作,日常点検,周知,不完全燃焼,変形・破損,遮断装置,火気の使用,テスト
"""一般周知の内容について、次の文章の空欄にあてはまる最も適切な語句を解答群から選択して答えなさい。

地震の場合は、まず身の安全を確保し、揺れがおさまってからガスの火を消すこと。地震後、ガスを使用する場合、ガスの臭いがしないか、ガス機器の（　　　）等異常がないか、屋内外の給排気設備の確認をすることを周知する。""",紹介,換気,火気の使用,復帰操作,日常点検,周知,不完全燃焼,変形・破損,遮断装置,変形・破損,テスト
"""個別周知の内容について、次の文章の空欄にあてはまる最も適切な語句を解答群から選択して答えなさい。

不完全燃焼防止機能なし開放式小型瞬間湯沸器の使用上の注意は、ホースを延長して浴槽や洗濯機への給湯、洗髪など長時間の（　　　）は行わないこと。""",連続使用,日常点検,安全管理,修理を依頼,ふさがない,排気ファン,排気ファン,ふさぐ,一酸化炭素中毒,連続使用,テスト
"""個別周知の内容について、次の文章の空欄にあてはまる最も適切な語句を解答群から選択して答えなさい。

浴室内設置不完全燃焼防止機能なしＣＦ式ふろがまの換気・給気上の注意は、お風呂を沸かしている時やシャワーを使っている時は、台所や浴室内の換気扇（レンジフード）を回さない。また、給気口や換気口を（　　　）こと。""",連続使用,日常点検,安全管理,修理を依頼,ふさがない,単独使用,排気ファン,ふさぐ,一酸化炭素中毒,ふさがない,テスト
"""個別周知の内容について、次の文章の空欄にあてはまる最も適切な語句を解答群から選択して答えなさい。

屋内設置不完全燃焼防止機能なしＦＥ式湯沸器の（　　　）のお願いは、電源プラグはコンセントに差し込まれているか、また、お湯を出した時に排気ファンが回転しているか確認すること。""",連続使用,日常点検,安全管理,修理を依頼,ふさがない,単独使用,排気ファン,ふさぐ,一酸化炭素中毒,日常点検,テスト
"""個別周知の内容について、次の文章の空欄にあてはまる最も適切な語句を解答群から選択して答えなさい。

屋内設置不完全燃焼防止機能なしＦＥ式湯沸器の日常点検のお願いは、電源プラグはコンセントに差し込まれているか、また、お湯を出した時に（　　　）が回転しているか確認すること。""",連続使用,日常点検,安全管理,修理を依頼,ふさがない,単独使用,排気ファン,ふさぐ,一酸化炭素中毒,排気ファン,テスト
"""個別周知の内容について、次の文章の空欄にあてはまる最も適切な語句を解答群から選択して答えなさい。

不完全燃焼防止機能付き開放式小型瞬間湯沸器が、使用中に火が消える、機器本体が異常に過熱しているような場合は使用を中止して（　　　）すること。""",連続使用,日常点検,安全管理,修理を依頼,ふさがない,単独使用,排気ファン,ふさぐ,一酸化炭素中毒,修理を依頼,テスト
"""個別周知の内容について、次の文章の空欄にあてはまる最も適切な語句を解答群から選択して答えなさい。

金網ストーブは、燃焼部分の変形などの現象で不完全燃焼を起こし、（　　　）になるおそれがある。""",連続使用,日常点検,安全管理,修理を依頼,ふさがない,単独使用,排気ファン,ふさぐ,一酸化炭素中毒,一酸化炭素中毒,テスト
"""内管検査の目的について、次の文章の空欄にあてはまる最も適切な語句を解答群から選択して答えなさい。

内管のガス漏えいは、腐食・老朽等の（　　　）が原因となって引き起こされる。""",内管等,重大事故,消費機器,クレーム,経年劣化,マイコンメーター,行政指導,点検等,周知,経年劣化,テスト
"""内管検査の目的について、次の文章の空欄にあてはまる最も適切な語句を解答群から選択して答えなさい。

内管検査は、ガス事業法技省令第５1条規定に基づき、（　　　）のガス漏えいの有無を確認する業務である。""",内管等,重大事故,消費機器,クレーム,経年劣化,マイコンメーター,行政指導,点検等,周知,内管等,テスト
"""内管検査の目的について、次の文章の空欄にあてはまる最も適切な語句を解答群から選択して答えなさい。

内管検査の目的は、ガス漏えいの有無を確認して（　　　）の発生を未然に防止することにより需要家保安の確保することである。""",内管等,重大事故,消費機器,クレーム,経年劣化,マイコンメーター,行政指導,点検等,周知,重大事故,テスト
"""内管検査の目的について、次の文章の空欄にあてはまる最も適切な語句を解答群から選択して答えなさい。

検査対象範囲は、お客さまの資産である内管(地境部分から敷地内のガス導管)からガス栓までの部分とするが、法、（　　　）では規定されていない部分であっても、重要かつ確認可能なものについては、幅広く点検等を行い、需要家保安に努める。""",内管等,重大事故,消費機器,クレーム,経年劣化,マイコンメーター,行政指導,点検等,周知,行政指導,テスト
"""内管検査の目的について、次の文章の空欄にあてはまる最も適切な語句を解答群から選択して答えなさい。

検査対象範囲は、お客さまの資産である内管(地境部分から敷地内のガス導管)からガス栓までの部分とするが、法、行政指導では規定されていない部分であっても、重要かつ確認可能なものについては、幅広く（　　　）を行い、需要家保安に努める。""",内管等,重大事故,消費機器,クレーム,経年劣化,マイコンメーター,行政指導,点検等,周知,点検等,テスト
"""内管検査の要点について、次の文章の空欄にあてはまる最も適切な語句を解答群から選択して答えなさい。

内管の漏えい検査は、一般建物では（　　　）に１回以上行う。""",４年,埋設,１年,範囲,ポリエチレン,６年,フレキ,Qmax6m³/h,Qmax16m³/h,４年,テスト
"""内管検査の要点について、次の文章の空欄にあてはまる最も適切な語句を解答群から選択して答えなさい。

内管の漏えい検査は、特定地下街等又は特定地下室等は（　　　）に１回以上行う。""",４年,埋設,１年,範囲,ポリエチレン,６年,フレキ,Qmax6m³/h,Qmax16m³/h,１年,テスト
"""内管検査の要点について、次の文章の空欄にあてはまる最も適切な語句を解答群から選択して答えなさい。

（　　　）管を使用している部分は、漏えい検査を省略してもよい。""",４年,埋設,１年,範囲,ポリエチレン,６年,フレキ,Qmax6m³/h,Qmax16m³/h,ポリエチレン,テスト
"""内管検査の要点について、次の文章の空欄にあてはまる最も適切な語句を解答群から選択して答えなさい。

屋外の（　　　）されていない部分は、漏えい検査を省略してもよい。""",４年,埋設,１年,範囲,ポリエチレン,６年,フレキ,Qmax6m³/h,Qmax16m³/h,埋設,テスト
"""内管検査の要点について、次の文章の空欄にあてはまる最も適切な語句を解答群から選択して答えなさい。

漏えい検知装置（マイコンメーター等）を設置してある場合は、漏えいを検知できる（　　　）に限り、漏えい検査を省略してもよい。""",４年,埋設,１年,範囲,ポリエチレン,６年,フレキ,Qmax6m³/h,Qmax16m³/h,範囲,テスト
"""内管検査の要点について、次の文章の空欄にあてはまる最も適切な語句を解答群から選択して答えなさい。

漏えい検知装置（マイコンメーター等）を設置してある場合は、漏えい検査を省略できる場合があるが、内管漏えい検知警報機能がバイパス設定されたマイコンメーター、（　　　）超のマイコンメーターである場合は除かれる。""",４年,埋設,１年,範囲,ポリエチレン,６年,フレキ,Qmax6m³/h,Qmax16m³/h,Qmax16m³/h,テスト
"""灯外内管（特定地下街等、特定地下室等除く）の検査について、次の文章の空欄にあてはまる最も適切な語句を解答群から選択して答えなさい。

定期検査票との照合によるお客さまの確認。（　　　）がないか質問し確認。""",地盤軟弱,岩盤強固,中圧,覧表,ガス臭,記憶,図面,外壁,ハリ,ガス臭,テスト
"""灯外内管（特定地下街等、特定地下室等除く）の検査について、次の文章の空欄にあてはまる最も適切な語句を解答群から選択して答えなさい。

不等沈下等の有無の調査では、鉄筋コンクリート造りの重量建物が、（　　　）地域に建てられている場合特に注意する。""",地盤軟弱,岩盤強固,中圧,覧表,ガス臭,記憶,図面,外壁,ハリ,地盤軟弱,テスト
"""灯外内管（特定地下街等、特定地下室等除く）の検査について、次の文章の空欄にあてはまる最も適切な語句を解答群から選択して答えなさい。

（　　　）、標示杭、立管等により導管経路を目視確認する。""",地盤軟弱,岩盤強固,中圧,覧表,ガス臭,記憶,図面,外壁,ハリ,図面,テスト
"""灯外内管（特定地下街等、特定地下室等除く）の検査について、次の文章の空欄にあてはまる最も適切な語句を解答群から選択して答えなさい。

建物内（　　　）設備に対してガス漏れ警報器又は自動ガス遮断装置のいずれかが、設置基準に基づき有効に設置されているか目視確認する。""",地盤軟弱,岩盤強固,中圧,覧表,ガス臭,記憶,図面,外壁,ハリ,中圧,テスト
"""""灯外内管（特定地下街等、特定地下室等除く）の検査について、次の文章の空欄にあてはまる最も適切な語句を解答群から選択して答えなさい。

〔ガス漏れ警報器〕次の箇所を確認する。
１）（　　　）貫通部
２）中圧燃焼部
３）非溶接接合部（昭和６１年１０月以降新設）""",地盤軟弱,岩盤強固,中圧,覧表,ガス臭,記憶,図面,外壁,ハリ,外壁,テスト
"""灯外内管（特定地下街等、特定地下室等除く）の検査について、次の文章の空欄にあてはまる最も適切な語句を解答群から選択して答えなさい。

導管が（　　　）で堅固に固定されていること。""",点検口,超高層,中規模,支持金具,雰囲気,輝かしい光沢,著しい腐食,臭気,海岸近辺,支持金具,テスト
"""灯外内管（特定地下街等、特定地下室等除く）の検査について、次の文章の空欄にあてはまる最も適切な語句を解答群から選択して答えなさい。

地面の立上・立下管、余ねじ部、壁・床貫通部等で（　　　）がないこと。""",点検口,超高層,中規模,支持金具,雰囲気,輝かしい光沢,著しい腐食,臭気,海岸近辺,著しい腐食,テスト
"""灯外内管（特定地下街等、特定地下室等除く）の検査について、次の文章の空欄にあてはまる最も適切な語句を解答群から選択して答えなさい。

建物の床下は、（　　　）等より目視可能な部分について確認する。""",点検口,超高層,中規模,支持金具,雰囲気,輝かしい光沢,著しい腐食,臭気,海岸近辺,点検口,テスト
"""""灯外内管（特定地下街等、特定地下室等除く）の検査について、次の文章の空欄にあてはまる最も適切な語句を解答群から選択して答えなさい。

空気より軽いガスの場合
・ボーリング後、ガス検知器又は（　　　）による方法""",点検口,超高層,中規模,支持金具,雰囲気,輝かしい光沢,著しい腐食,臭気,海岸近辺,臭気,テスト
"""""灯外内管（特定地下街等、特定地下室等除く）の検査について、次の文章の空欄にあてはまる最も適切な語句を解答群から選択して答えなさい。

ガス事業法により遮断装置設置が義務付けされている建物には次がある。
・高層建物、（　　　）建物
・特定大規模建物
・内径７０ｍｍ以上の導管でガスを供給する建物""",点検口,超高層,中規模,支持金具,雰囲気,輝かしい光沢,著しい腐食,臭気,海岸近辺,超高層,テスト
"""灯外内管（特定地下街等、特定地下室等除く）の露出部分の漏えい検査について、次の文章の空欄にあてはまる最も適切な語句を解答群から選択して答えなさい。

隠ぺい部とは床下、天井裏及び（　　　）等。""",水道管等,PE管,ＦＩＤ,引込管,ガス管等,シャフト内,ガス検知器,圧力保持,発泡液,シャフト内,テスト
"""灯外内管（特定地下街等、特定地下室等除く）の露出部分の漏えい検査について、次の文章の空欄にあてはまる最も適切な語句を解答群から選択して答えなさい。

露出部分の漏えい検査
ガス検知器による方法
隠ぺい部の検査は点検口等で（　　　）により行う。""",水道管等,PE管,ＦＩＤ,引込管,ガス管等,シャフト内,ガス検知器,圧力保持,発泡液,ガス検知器,テスト
"""灯外内管（特定地下街等、特定地下室等除く）の露出部分の漏えい検査について、次の文章の空欄にあてはまる最も適切な語句を解答群から選択して答えなさい。

開放部
開放されている部分の（　　　）は、ガス検知器又は発泡液により行う。""",水道管等,PE管,ＦＩＤ,引込管,ガス管等,シャフト内,ガス検知器,圧力保持,発泡液,ガス管等,テスト
"""灯外内管（特定地下街等、特定地下室等除く）の露出部分の漏えい検査について、次の文章の空欄にあてはまる最も適切な語句を解答群から選択して答えなさい。

開放部
開放されている部分のガス管等は、ガス検知器又は（　　　）により行う。""",水道管等,PE管,ＦＩＤ,引込管,ガス管等,シャフト内,ガス検知器,圧力保持,発泡液,発泡液,テスト
"""灯外内管（特定地下街等、特定地下室等除く）の露出部分の漏えい検査について、次の文章の空欄にあてはまる最も適切な語句を解答群から選択して答えなさい。

ガス検知器による方法の他、（　　　）による方法（遮断装置がある場合、遮断装置からメーターガス栓まで可）がある。""",水道管等,PE管,ＦＩＤ,引込管,ガス管等,シャフト内,ガス検知器,圧力保持,発泡液,圧力保持,テスト
"""灯内内管の検査について、次の文章の空欄にあてはまる最も適切な語句を解答群から選択して答えなさい。

灯内内管経路の確認
導管の（　　　）確認、屋内灯内内管の有無についての確認""",機能停止,外観,160m³以上,16m³以下,経路,Qmax16m³/h,義務付け,検知できる範囲,目視できる程度,経路,テスト
"""灯内内管の検査について、次の文章の空欄にあてはまる最も適切な語句を解答群から選択して答えなさい。

漏えい検知装置の確認
・漏えい検知装置（マイコンメーター）がついていること及び漏えい表示のないことを目視により確認する。なお、ガス事業法により使用最大流量が毎時（　　　）のガスメーターはマイコンメーターの取り付けが義務付けられている。""",機能停止,外観,160m³以上,16m³以下,経路,Qmax16m³/h,義務付け,検知できる範囲,目視できる程度,16m³以下,テスト
"""灯内内管の検査について、次の文章の空欄にあてはまる最も適切な語句を解答群から選択して答えなさい。

漏えい検知装置の確認
・漏えい検知装置（マイコンメーター）がついていること及び漏えい表示のないことを目視により確認する。なお、ガス事業法により使用最大流量が毎時16m³以下のガスメーターはマイコンメーターの取り付けが（　　　）られている。""",機能停止,外観,160m³以上,16m³以下,経路,Qmax16m³/h,義務付け,検知できる範囲,目視できる程度,義務付け,テスト
"""灯内内管の検査について、次の文章の空欄にあてはまる最も適切な語句を解答群から選択して答えなさい。

漏えい検知装置がある場合は「（　　　）以下のマイコンメーターであること。」を確認する。""",機能停止,外観,160m³以上,16m³以下,経路,Qmax16m³/h,義務付け,検知できる範囲,目視できる程度,Qmax16m³/h,テスト
"""灯内内管の検査について、次の文章の空欄にあてはまる最も適切な語句を解答群から選択して答えなさい。

漏えい検知装置がある場合は「内管漏えい検知警報機能が（　　　）されていないこと。」を確認する。""",機能停止,外観,160m³以上,16m³以下,経路,Qmax16m³/h,義務付け,検知できる範囲,目視できる程度,機能停止,テスト
"""""灯内内管の検査について、次の文章の空欄にあてはまる最も適切な語句を解答群から選択して答えなさい。

漏えい検知装置がある場合は以下を確認する。
１）Qmax16m³/h以下のマイコンメーターであること。
２）内管漏えい検知警報機能が機能停止されていないこと。
３）メーターガス栓や業務用遮断弁を日常的に閉止していないこと。
※漏えい検知装置がある場合で上記の確認事項３項目をすべて満たし、かつ漏えい表示が無い場合、漏えい検知装置で漏えいを（　　　）の検査を省略することができる。""",機能停止,外観,160m³以上,16m³以下,経路,Qmax16m³/h,義務付け,検知できる範囲,目視できる程度,検知できる範囲,テスト
"""灯内内管の検査について、次の文章の空欄にあてはまる最も適切な語句を解答群から選択して答えなさい。

露出部分の外観検査
露出管の（　　　）に異常がないことを確認する。""",免除,立ち上がり部,塗装,スムーズに開閉,離隔距離,外観,消費機器,ガスコード接続部,ねじニップル部,外観,テスト
"""灯内内管の検査について、次の文章の空欄にあてはまる最も適切な語句を解答群から選択して答えなさい。

露出部分の外観検査
メーターガス栓が（　　　）することを確認する。""",免除,立ち上がり部,塗装,スムーズに開閉,離隔距離,外観,消費機器,ガスコード接続部,ねじニップル部,スムーズに開閉,テスト
"""灯内内管の検査について、次の文章の空欄にあてはまる最も適切な語句を解答群から選択して答えなさい。

厨房内の水のかかりやすい配管の点検
常時水のかかるおそれのある床面からの（　　　）等、ガス管が水のかかりやすい場所に設置されている場合の当該部分の外観を点検する。""",免除,立ち上がり部,塗装,スムーズに開閉,離隔距離,外観,消費機器,ガスコード接続部,ねじニップル部,立ち上がり部,テスト
"""灯内内管の検査について、次の文章の空欄にあてはまる最も適切な語句を解答群から選択して答えなさい。

厨房内の水のかかりやすい配管の点検
床面立ち上がり管や機器周辺などの露出した管や（　　　）などを重点的に行う。また、機器の背面や下面及び排水溝内、点検口内に配管がある場合には、必要に応じて鏡やペンライトを活用して目視点検を行う。""",免除,立ち上がり部,塗装,スムーズに開閉,離隔距離,外観,消費機器,ガスコード接続部,ねじニップル部,ねじニップル部,テスト
"""灯内内管の圧力保持による方法について、次の文章の空欄にあてはまる最も適切な語句を解答群から選択して答えなさい。

事業所ビル、工場、学校、病院等でガスの使用範囲が広い場合は、お客さまの（　　　）を求める。ガス栓等の閉止はお客さまの了解を得て行う。""",電気スイッチ,試験口,供給圧力,可能な範囲,所定時間,圧力降下,現場の状況,立会い,火気使用,立会い,テスト
"""灯内内管の圧力保持による方法について、次の文章の空欄にあてはまる最も適切な語句を解答群から選択して答えなさい。

水柱ゲージ等を取り付けるガス栓が無い場合は、ガスメーターの（　　　）等にガス栓を取り付ける。""",電気スイッチ,試験口,供給圧力,可能な範囲,所定時間,圧力降下,現場の状況,立会い,火気使用,試験口,テスト
"""灯内内管の圧力保持による方法について、次の文章の空欄にあてはまる最も適切な語句を解答群から選択して答えなさい。

検査圧力は（　　　）とする。""",電気スイッチ,試験口,供給圧力,可能な範囲,所定時間,圧力降下,現場の状況,立会い,火気使用,供給圧力,テスト
"""灯内内管の圧力保持による方法について、次の文章の空欄にあてはまる最も適切な語句を解答群から選択して答えなさい。

漏えいの有無の確認は、（　　　）の有無により行う。""",電気スイッチ,試験口,供給圧力,可能な範囲,所定時間,圧力降下,現場の状況,立会い,火気使用,圧力降下,テスト
"""灯内内管の圧力保持による方法について、次の文章の空欄にあてはまる最も適切な語句を解答群から選択して答えなさい。

ガス漏れが認められた場合は次の措置を行う。ガス漏れの程度や漏れ箇所など（　　　）を把握する。""",電気スイッチ,試験口,供給圧力,可能な範囲,所定時間,圧力降下,現場の状況,立会い,火気使用,現場の状況,テスト
"""灯内内管の圧力保持による方法について、次の文章の空欄にあてはまる最も適切な語句を解答群から選択して答えなさい。

ガス漏れが認められた場合は次の措置を行う。メーターガス栓の閉止等や応急措置など（　　　）で実施する。""",電気スイッチ,試験口,供給圧力,可能な範囲,所定時間,圧力降下,現場の状況,立会い,火気使用,可能な範囲,テスト
"""灯内内管の圧力保持による方法について、次の文章の空欄にあてはまる最も適切な語句を解答群から選択して答えなさい。

ガス漏れが認められた場合は次の措置を行う。お客さまへ（　　　）禁止の注意喚起を行う。""",電気スイッチ,試験口,供給圧力,可能な範囲,所定時間,圧力降下,現場の状況,立会い,火気使用,火気使用,テスト
"""灯内内管の圧力保持による方法について、次の文章の空欄にあてはまる最も適切な語句を解答群から選択して答えなさい。

ガス漏れが認められた場合は次の措置を行う。お客さまへ（　　　）の点滅（入・切）禁止の注意喚起を行う。""",電気スイッチ,試験口,供給圧力,可能な範囲,所定時間,圧力降下,現場の状況,立会い,火気使用,電気スイッチ,テスト
"""""灯内内管の圧力保持による方法について、次の文章の空欄にあてはまる最も適切な語句を解答群から選択して答えなさい。

圧力保持による漏えい検査は、次の手順により行う。
１）全てのガス栓を閉める。
※器具栓・接続具までの漏えい検査の場合は、器具栓は「閉」、ガス栓は「開」とする。
２）１つのガス栓に水柱ゲージ（測定器）を取付け、当該ガス栓を開ける。
３）圧力が安定した後、メーターガス栓を閉め、（　　　）経過後、圧力降下の有無を調べる。
４）圧力降下がなければガス栓を閉め水柱ゲージ等を取り外し、メーターガス栓を開ける。""",電気スイッチ,試験口,供給圧力,可能な範囲,所定時間,圧力降下,現場の状況,立会い,火気使用,所定時間,テスト
"""測定器と管容積に対する検査時間ついて、次の表の空欄にあてはまる最も適切な語句を解答群から選択して答えなさい。

（　　　）：１㎥未満は１分間、１㎥以上１０㎥未満は５分間、１０㎥以上３００㎥未満は0.5V分間（MAX ６０分間）""",1,2,3,5,10,開放型,チャンバ型,水柱ゲージ,半導体式ガス検知器,水柱ゲージ,テスト
"""測定器と管容積に対する検査時間ついて、次の表の空欄にあてはまる最も適切な語句を解答群から選択して答えなさい。

（　　　）：１㎥未満は2分間、１㎥以上１０㎥未満は５分間、１０㎥以上３００㎥未満は0.5V分間（MAX ６０分間）""",1,2,3,5,10,開放型,チャンバ型,水柱ゲージ,半導体式ガス検知器,チャンバ型,テスト
"""測定器と管容積に対する検査時間ついて、次の表の空欄にあてはまる最も適切な語句を解答群から選択して答えなさい。

水中ゲージ：１㎥未満は（　　　）分間、１㎥以上１０㎥未満は５分間、１０㎥以上３００㎥未満は0.5V分間（MAX ６０分間）""",1,2,3,5,10,開放型,チャンバ型,水柱ゲージ,半導体式ガス検知器,1,テスト
"""測定器と管容積に対する検査時間ついて、次の表の空欄にあてはまる最も適切な語句を解答群から選択して答えなさい。

水中ゲージ：１㎥未満は１分間、１㎥以上１０㎥未満は（　　　）分間、１０㎥以上３００㎥未満は0.5V分間（MAX ６０分間）""",1,2,3,5,10,開放型,チャンバ型,水柱ゲージ,半導体式ガス検知器,5,テスト
"""測定器と管容積に対する検査時間ついて、次の表の空欄にあてはまる最も適切な語句を解答群から選択して答えなさい。

チャンバ型圧力計：１㎥未満は（　　　）分間、１㎥以上１０㎥未満は５分間、１０㎥以上３００㎥未満は0.5V分間（MAX ６０分間）""",1,2,3,5,10,開放型,チャンバ型,水柱ゲージ,半導体式ガス検知器,2,テスト
"""測定器と管容積に対する検査時間ついて、次の表の空欄にあてはまる最も適切な語句を解答群から選択して答えなさい。

チャンバ型圧力計：１㎥未満は２分間、１㎥以上１０㎥未満は（　　　）分間、１０㎥以上３００㎥未満は0.5V分間（MAX ６０分間）""",1,2,3,5,10,開放型,チャンバ型,水柱ゲージ,半導体式ガス検知器,5,テスト
"""ガスの使用形態により圧力保持による灯内内管の漏えい検査ができない場合について、次の文章の空欄にあてはまる最も適切な語句を解答群から選択して答えなさい。

ガスの使用形態により圧力保持による漏えい検査ができない場合とは、以下に示す建物区分ごとのガス使用用途であって、（　　　）によりガスの供給停止できない配管系統に限る。""",製造又は加工,特定公共,物品販売業,ガスの連続使用,特定大規模,宿泊施設,供給を停止,病院,安全を確保,ガスの連続使用,テスト
"""ガスの使用形態により圧力保持による灯内内管の漏えい検査ができない場合について、次の文章の空欄にあてはまる最も適切な語句を解答群から選択して答えなさい。

ガスの使用形態により圧力保持による漏えい検査ができない場合とは、以下に示す建物区分ごとのガス使用用途であって、ガスの連続使用によりガスの（　　　）できない配管系統に限る。""",製造又は加工,特定公共,物品販売業,ガスの連続使用,特定大規模,宿泊施設,供給を停止,病院,安全を確保,供給を停止,テスト
"""ガスの使用形態により圧力保持による灯内内管の漏えい検査ができない場合について、次の文章の空欄にあてはまる最も適切な語句を解答群から選択して答えなさい。

ガスの使用形態により圧力保持による漏えい検査ができない場合とは、以下に示す建物区分である。
建物区分：（　　　）建物・特定中規模建物、特定公共建物、工業用建物、一般業務用建物",製造又は加工,特定公共,物品販売業,ガスの連続使用,特定大規模,宿泊施設,供給を停止,病院,安全を確保,特定大規模,テスト
"""ガスの使用形態により圧力保持による灯内内管の漏えい検査ができない場合について、次の文章の空欄にあてはまる最も適切な語句を解答群から選択して答えなさい。

ガスの使用形態により圧力保持による漏えい検査ができない場合とは、以下に示す建物区分である。
建物区分：特定大規模建物・特定中規模建物、（　　　）建物、工業用建物、一般業務用建物",製造又は加工,特定公共,物品販売業,ガスの連続使用,特定大規模,宿泊施設,供給を停止,病院,安全を確保,特定公共,テスト
"""ガスの使用形態により圧力保持による灯内内管の漏えい検査ができない場合について、次の文章の空欄にあてはまる最も適切な語句を解答群から選択して答えなさい。

ガスの使用形態により圧力保持による漏えい検査ができない場合とは、以下に示す建物区分である。
使用用途：旅館、ホテル、宿泊所、百貨店、マーケットその他の（　　　）を営む店舗又は展示場。""",製造又は加工,特定公共,物品販売業,ガスの連続使用,特定大規模,宿泊施設,供給を停止,病院,安全を確保,物品販売業,テスト
"""ガスの使用形態により圧力保持による灯内内管の漏えい検査ができない場合について、次の文章の空欄にあてはまる最も適切な語句を解答群から選択して答えなさい。

ガスの使用形態により圧力保持による漏えい検査ができない場合とは、以下に示す建物区分である。
使用用途：病床を有する（　　　）、診療所又は助産所。冷房等用途""",製造又は加工,特定公共,物品販売業,ガスの連続使用,特定大規模,宿泊施設,供給を停止,病院,安全を確保,病院,テスト
"""ガスの使用形態により圧力保持による灯内内管の漏えい検査ができない場合について、次の文章の空欄にあてはまる最も適切な語句を解答群から選択して答えなさい。

ガスの使用形態により圧力保持による漏えい検査ができない場合とは、以下に示す建物区分である。
使用用途：製品を（　　　）するための用途。冷房等用途""",製造又は加工,特定公共,物品販売業,ガスの連続使用,特定大規模,宿泊施設,供給を停止,病院,安全を確保,製造又は加工,テスト
"""ガスの使用形態により圧力保持による灯内内管の漏えい検査ができない場合について、次の文章の空欄にあてはまる最も適切な語句を解答群から選択し、番号で答えなさい。

ガスの使用形態により圧力保持による灯内内管の漏えい検査ができない場合は、次の方法により検査を行うこともできる。
【露出部分の漏えい検査】
有効な（　　　）装置が設置されており、メーターガス栓から（　回答に同じ　）装置までが露出している場合は以下のとおり。
a.　ガス検知器を使用して検査し、かつ臭気によりガス漏えいの有無を確認する。
b. 　発泡液を使用して検査し、かつ臭気によりガス漏えいの有無を確認する。""",供給を停止,露出部分,排気ガス,臭気,埋設部分,業務用途,漏えい検知,特定大規模,発泡液,漏えい検知,テスト
"""ガスの使用形態により圧力保持による灯内内管の漏えい検査ができない場合について、次の文章の空欄にあてはまる最も適切な語句を解答群から選択し、番号で答えなさい。

ガスの使用形態により圧力保持による灯内内管の漏えい検査ができない場合は、次の方法により検査を行うこともできる。
【露出部分の漏えい検査】
有効な漏洩検知装置が設置されており、メーターガス栓から漏洩検知装置までが露出している場合は以下のとおり。
a.　ガス検知器を使用して検査し、かつ（　　　）によりガス漏えいの有無を確認する。
b.　 発泡液を使用して検査し、かつ臭気によりガス漏えいの有無を確認する。""",供給を停止,露出部分,排気ガス,臭気,埋設部分,業務用途,漏えい検知,特定大規模,発泡液,臭気,テスト
"""ガスの使用形態により圧力保持による灯内内管の漏えい検査ができない場合について、次の文章の空欄にあてはまる最も適切な語句を解答群から選択して答えなさい。

ガスの使用形態により圧力保持による灯内内管の漏えい検査ができない場合は、次の方法により検査を行うこともできる。
【露出部分の漏えい検査】
有効な漏洩検知装置が設置されており、メーターガス栓から漏洩検知装置までが露出している場合は以下のとおり。
a.　ガス検知器を使用して検査し、かつ臭気によりガス漏えいの有無を確認する。
b. （　　　）を使用して検査し、かつ臭気によりガス漏えいの有無を確認する。""",供給を停止,露出部分,排気ガス,臭気,埋設部分,業務用途,漏えい検知,特定大規模,発泡液,発泡液,テスト
