ガスの燃焼に関する次の記述のうち、誤っているものはどれか。,ガスの燃焼は酸化反応であり、反応が最後まで完結しないで中間生成物(一酸化炭素、水素、アルデヒド等)が発生している状態を不完全燃焼という。,ブンゼンバーナーにおいて、ガス圧が異常に低下したり、ノズルが詰まったりしてガス量が極端に少なくなると、フラッシュバックが発生する。,機器の燃焼室内の給排気不良により二次空気が極端に減少すると、リフティングが発生する。,燃焼反応が十分な速さで進まないと、イエローチップが発生する。,メタンと空気の混合ガスの燃焼範囲は、標準状態においてメタン濃度4%から75%である。,,,,,メタンと空気の混合ガスの燃焼範囲は、標準状態においてメタン濃度4%から75%である。,"""メタンと空気の混合ガスの燃焼範囲は、標準状態においてメタン濃度5%から15%である。 
[都市ガス工業概要 (消費機器編) P9 1.10 燃焼範囲(爆発範囲)]"""
円形のノズルから噴出するガス量について、ノズルの口径を4倍、ガスの圧力を4倍にしたとき、ガス量は何倍になるか。次の値のうち、最も近いものはどれか。,4,8,16,32,64,,,,,32,"""[都市ガス工業概要 (消費機器編) P6　1.7 ノズルからのガス噴出量及びインプット]
式I.1.1により、ガスの噴出量はノズルの口径の2乗に比例し、ガスの供給圧力の平方根に比例することから、42　×　√4　=　32"""
家庭用ガス機器に関する次の記述のうち、誤っているものはどれか。,Q機能を搭載した瞬間湯沸器では、冷水サンドイッチ現象を緩和し、安定した湯温を得ることができる。,瞬間湯沸器のメインバーナーには、炎が短く燃焼室を小さくできるセミ・ブンゼンバーナーが一般に用いられる。,ふろ給湯器の設置方式には、浴室隣接設置形と設置フリー形とがある。,ハイブリッド給湯器は、電気ヒートポンプと潜熱回収型ガス給湯器で必要なお湯の量に合わせて効率的に運転を行うシステムである。,エコーネットライトは、HEMSとガス機器(燃料電池等)との接続に利用できる標準通信仕様である。,,,,,瞬間湯沸器のメインバーナーには、炎が短く燃焼室を小さくできるセミ・ブンゼンバーナーが一般に用いられる。,"""瞬間湯沸器のメインバーナーにはブンゼンバーナーが用いられる。
[都市ガス工業概要 (消費機器編) P89 3.2.4 瞬間湯沸器]"""
家庭用ガス機器に関する次の記述のうち、誤っているものはどれか。,こんろには、調理油過熱防止装置を利用して鍋が焦げ付き始めると自動消火するものがある。,グリルは、直火によって主として伝導熱で調理する機器である。,コンビネーションレンジは、ガスオーブンに電子レンジ機能が内蔵されたものである。,衣類乾燥機には、湿り空気を排出する排湿筒が取り付けられるようになっている。,赤外線ストーブには、放射体としてセラミックプレートを用いたものと、特殊耐熱鋼金網を用いたものとの2種類がある。,,,,,グリルは、直火によって主として伝導熱で調理する機器である。,"""グリルは、直火によって主として放射熱で調理する機器である。
[都市ガス工業概要 (消費機器編) P67 3.1.1 コンロ]"""
コージェネレーションシステムと業務用ガス機器に関する次の記述のうち、誤っているものはどれか。,固体酸化物形燃料電池には、CO変成器が搭載されている。,吸収冷温水機は、冷媒に水を用いるノンフロン空調機である。,浸管式フライヤーには、油槽中の浸管内でガスを燃焼させて加熱する方式と、燃焼排ガスを通過させて加熱する方式とがある。,中華レンジには、火力を強力にするため、ブラストバーナーを用いたものがある。,遠赤外線ヒーターでは、セラミック特殊塗料で仕上げられた放射管等の表面から多量の遠赤外線が放射される。,,,,,固体酸化物形燃料電池には、CO変成器が搭載されている。,"""固体酸化物形や溶融炭酸塩型の高温作動の燃料電池では、一酸化炭素も発電反応に資する燃料となるため、一般的にはCO変成器やCO選択酸化器を必要としない。
[都市ガス工業概要(消費機器編) P306 3.1 燃料処理装置]"""
換気と一酸化炭素(CO)中毒に関する次の記述のうち、誤っているものはどれか。,自然換気における空気の流れを起こす力の種類には、風圧を利用したものと、空気の温度差によって生じる浮力を利用したものとがある。,必要換気量とは、室内の酸素濃度をある限界以上に保つための換気量の最小値のことである。,一人の成人男性が安静に座っている状態での必要換気量は、建築基準法関係法令では20㎥/hとされている。,換気扇に用いられるシロッコファンは、ターボファンに比べ効率が高い。,COは、ヘモグロビンに対する結合力が酸素の200～300倍強く、吸入により酸素欠乏症状をひきおこしやすい。,,,,,換気扇に用いられるシロッコファンは、ターボファンに比べ効率が高い。,"""ターボファンの効率が他のファンと比較して最も高い。
[都市ガス工業概要(消費機器編) P35　5.5.1 換気扇の種類と特徴]"""
給排気に関する次の記述のうち、誤っているものはどれか。,CF式ふろがまの排気筒トップに用いられる材料は、不燃性、耐熱性及び耐食性のあるものでなければならない。,BF式ふろがまを屋内に設置する場合は、設置する部屋に専用の給気口及び換気口は必要ない。,BF式ふろがまは、新規に浴室内に設置することはできない。,CF式ふろがまの逆風止めは、機器と同一室内に設置する必要がある。,FE式湯沸器では、排気筒の横引き長さと高さとの関係には特に規定がない。,,,,,BF式ふろがまは、新規に浴室内に設置することはできない。,"""新規に浴室内に設置しないことが望ましいのはCF式ふろがまである。
[都市ガス工業概要(消費機器編) P51　2.3.1 自然排気式（CF式）]"""
ガス機器の安全装置、点火装置及び制御装置に関する次の記述のうち、誤っているものはどれか。,水位制御装置には、自動湯張り機能付き温水機器のように任意に設定された水位を保つものと、貯蔵湯沸器のように固定された一定の水位を保つものとがある。,点火時安全装置とは、燃焼室を持つガス機器の残留未燃ガスによる爆発点火を防止するためのものである。,瞬時点火装置では、熱電対の起電力が十分に発生するまでの間、コンデンサーの放電電流によりガス弁を開状態に保持している。,ガス量制御に用いられる比例電磁弁には、固定コイル式と可動コイル式とがある。,機械式温度制御装置における温度検出部の方式には、気体膨張式と液体膨張式とがある。,,,,,機械式温度制御装置における温度検出部の方式には、気体膨張式と液体膨張式とがある。,"""機械式温度制御装置における温度検出部の方式には、固体膨張式(バイメタル式)と液体膨張式とがある。
[都市ガス工業概要(消費機器編) P183　4.3.5 温度制御]"""
ガス機器とガス栓との接続及び警報器に関する次の記述のうち、誤っているものはどれか。,ヒューズガス栓には、作動流量の異なるいくつかの種類があり、使用機器のインプット等に応じて選択する必要がある。,ガスコンセントは、迅速継手を接続するだけで栓が自動的に開き、外すと閉じる構造となっている。,オンオフ機構を有するガス栓では、つまみが半開状態で接続具が外れた場合、ヒューズ機構が作動せずガスが流出する。,家庭用のガス警報器には、ガスを検出するセンサーを小型化かつ省電力化することで電池駆動を可能にしたものがある。,家庭用のガス警報器に使用されている検出方式は、半導体式、接触燃焼式及び熱線型半導体式に大別される。,,,,,オンオフ機構を有するガス栓では、つまみが半開状態で接続具が外れた場合、ヒューズ機構が作動せずガスが流出する。,"""オンオフ機構を有するガス栓では、つまみが半開状態で接続具が外れた場合、ヒューズ機構は作動しないが、オンオフ弁によりガス通路が遮断され、ガスは流出しない。
[都市ガス工業概要(消費機器編) P192　5.3.4 オンオフ機構]"""
ガスの燃焼方式に関する次の記述のうち、誤っているものはどれか。,赤火燃焼式は、ガスをそのまま大気中に噴出して燃焼させる方式で、燃焼に必要な空気は、すべて周囲大気から拡散によって供給される。,炎の温度は、ブンゼン燃焼式より赤火燃焼式の方が高い。,濃淡燃焼バーナーは、全一次空気式バーナーとブンゼンバーナーを交互に配置した構造となっている。,ブラスト燃焼とは、燃焼用の空気をバーナー内にファンで強制的に送り込み、ノズルから噴出されるガスと混合し燃焼させる方式である。,触媒燃焼とは、可燃性ガスと酸素との反応を促進させる固体触媒を使用し燃焼させる方式である。,,,,,炎の温度は、ブンゼン燃焼式より赤火燃焼式の方が高い。,"""炎の温度は、ブンゼン燃焼式より赤火燃焼式の方が低い。
[都市ガス工業概要(消費機器編) P17 2.1 燃焼方式の分類]"""
ガス燃焼時に生じるリフティングの原因に関する次の記述のうち、誤っているものはどれか。,バーナー内のガス圧が高すぎて、ガスが出すぎる。,一次空気の吸引が多すぎて、混合ガス量が増えすぎる。,燃焼室内の給排気不良により、二次空気が極端に減少する。,バーナー部分が高温になり、そこを通る混合ガスの温度が上がりすぎる。,バーナーの炎口が詰まって、炎口の有効面積が極端に小さくなる。,,,,,バーナー部分が高温になり、そこを通る混合ガスの温度が上がりすぎる。,"""フラッシュバックの原因
[都市ガス工業概要(消費機器編) P22　3.2 フラッシュバック (逆火)]"""
家庭用ガス温水機器に関する次の記述のうち、 誤っているものはどれか。,給湯器の自己診断機能には、給排気通路の閉そく状態を検知する方法として 燃焼状態により診断する方法と給気ファンの風量低下により診断する方法とがある。,潜熱回収型給湯器の中和器内では、炭酸カルシウムと排ガス凝縮水中の硝酸水との反応により、硝酸カルシウムが生成される。,先止め式瞬間湯沸器は、出湯側に給湯配管を接続し、複数箇所に給湯することができる。,現在販売されている開放式小型湯沸器には、不完全燃焼防止装置が複数回連続して作動したときに、通常の操作による再点火ができなくなるインターロック機能が搭載されている。,給湯器の出湯温度は、設定温度との差を補正するためのフィードフォワード制御によりばらつきが抑えられている。 ,,,,,給湯器の出湯温度は、設定温度との差を補正するためのフィードフォワード制御によりばらつきが抑えられている。 ,"""給湯器の出湯温度は、設定温度との差を補正するためのフィードバック制御によりばらつきが抑えられている。
[都市ガス工業概要(消費機器編) P81 3.2.3 温水機器の制御技術]"""
家庭用ガス機器に関する次の記述のうち、誤っているものはどれか。,マイコンタイマー式炊飯器は、炊き分け機能、早炊き機能等を有し、自動的にガス量や燃焼時間をコントロールしながら炊き上げるものである。,FF暖房機では一般に、給気管は軟質塩化ビニール製、 排気管はステンレス鋼板製である。,「Siセンサーコンロ」の標準搭載機能は、調理油過熱防止装置、立ち消え安全装置、消し忘れ消火機能、早切れ防止機能である。,回転ドラム式衣類乾燥機は、空気で希釈された燃焼排ガスにより、ドラムの中の洗濯物を直接乾燥させるものである。,ファンヒーターには、不完全燃焼防止装置が搭載されているので、使用に際して換気をする必要はない。,,,,,ファンヒーターには、不完全燃焼防止装置が搭載されているので、使用に際して換気をする必要はない。,"""ファンヒーターには、不完全燃焼防止装置が搭載されているが、屋内の空気を燃焼に用いて屋内に排気を行うため使用に際して換気が必要である。 
[都市ガス工業概要 (消費機器編) P30 5.1 換気とは]"""
コージェネレーションシステム及びガス冷暖房機器に関する次の記述のうち、誤っているものはどれか。,固体酸化物形燃料電池(SOFC)の作動温度は、固体高分子形燃料電池(PEFC)の作動温度より高い。,家庭用燃料電池システム(エネファーム)には、停電時発電継続機能やIoT技術を活用した遠隔監視機能を搭載したものがある。,コージェネレーションシステムの運転方式は、電主熱従運転と熱主電従運転とに分類され、さらに電主熱従運転はピークカット運転とベースロード運転とに分類される。,吸収冷凍機の二重効用吸収冷凍サイクルでは、蒸発プロセスの効率向上のため、二つの蒸発器が用いられている。,ガスエンジンヒートポンプ(GHP)の冷房と暖房の切り替えは、室外機内の四方(切替)弁で冷媒の流れを変えることによって行う。,,,,,吸収冷凍機の二重効用吸収冷凍サイクルでは、蒸発プロセスの効率向上のため、二つの蒸発器が用いられている。,"""吸収冷凍機の二重効用吸収冷凍サイクルでは、蒸発プロセスの効率向上のため、二つの再生器が用いられている。
[都市ガス工業概要(消費機器編) P256 3.1.3 二重効用吸収冷凍サイクル]"""
換気及び一酸化炭素(CO)中毒に関する次の記述のうち、誤っているものはどれか。,機械換気における第3種換気とは、給気機と排気機を用いる方法で、室内の圧力を給気量と排気量の割合で調節できる。,従来の木造住宅では、1.5～3回/h程度の自然換気回数が見込まれたが、近年の高気密住宅では、自然換気回数は0.1回/h程度といわれている ,台所等の火気を使用する部屋の必要換気量は、レンジフードの形状等による定数と、理論排ガス量及び燃料消費量に基づき算出される。,CO中毒は、COが血液中のヘモグロビンと結合し、ヘモグロビンが酸素を運搬できなくなるために引き起こされる。,CO中毒の症状は、空気中のCO濃度と吸入時間によって変化する。,,,,,機械換気における第3種換気とは、給気機と排気機を用いる方法で、室内の圧力を給気量と排気量の割合で調節できる。,"""機械換気における第1種換気とは、給気機と排気機を用いる方法で、室内の圧力を給気量と排気量の割合で調節できる。
[都市ガス工業概要(消費機器編) P31 5.2.2 機械換気]"""
ガス機器の給排気方式に関する次の記述のうち、 誤っているものはどれか。,開放式機器は、燃焼用の空気を屋内から取り、燃焼排ガスをそのまま屋内へ排出する。,強制排気式(FE式)機器の排気筒トップは、風圧帯内に設置することができない。,自然給排気式(BF式)機器を設置した室には、専用の給気口、換気口は必要ない。,強制給排気式(FF式)機器は、給排気筒を延長できるため、機器本体が外壁に面している必要はない。,屋外式(RF式)機器は、建物外壁に設置されるだけでなく、集合住宅のパイプシャフトの扉部等にも設置される。,,,,,強制排気式(FE式)機器の排気筒トップは、風圧帯内に設置することができない。,"""強制排気式(FE式) 機器の排気筒トップは、風圧帯内に設置することができる。
[都市ガス工業概要(消費機器編) P54 2.3.2 強制排気式(FE式)]"""
ガス機器の安全装置及び制御装置に関する次の記述のうち、誤っているものはどれか。,空だき安全装置は、温水機器やふろがま内に水がない場合、バーナーのガス通路を開けず空だきにならないようにする安全装置である。,開放式小型湯沸器の不完全燃焼防止装置には、逆バイアス熱電対が用いられている。,自然排気式(CF式) ふろがまの不完全燃焼防止装置には、熱電対を用いるものとサーミスターを用いるものとがある。,比例電磁弁は、コイルに流れる電流による電磁力により弁を制御し、連続的にガス量を調節するものである。,浴槽や貯湯槽の水位を一定に保つための制御方式には、水位センサー式、水位スイッチ式及びボールタップ式がある。,,,,,空だき安全装置は、温水機器やふろがま内に水がない場合、バーナーのガス通路を開けず空だきにならないようにする安全装置である。,"""空だき防止装置は、温水機器やふろがま内に水がない場合、バーナーのガス通路を開けず空だきにならないようにする安全装置である。
[都市ガス工業概要(消費機器編) P154　4.1.6 空だき防止装置及び空だき安全装置]"""
警報器に関する次の記述のうち、誤っているものはどれか。,接触燃焼式ガス警報器では、検知回路の出力とガス濃度がほぼ比例関係にある。,熱線型半導体式ガス警報器では、検知回路の出力は濃度の薄いガスに対して比較的敏感で、濃度が上昇すると穏やかになる。,ガス警報器は、ガスの濃度が爆発下限界の1/10のときに確実に作動することがガス事業法の告示において規定されている。,CO警報器では、酸化スズ半導体センサーの感度低下を防止するため、間欠的に高温加熱するヒートクリーニングが必要である。,業務用換気警報器には、温度、湿度及び一酸化炭素以外のガス等の影響を受けにくい電気化学式センサーが用いられている。,,,,,ガス警報器は、ガスの濃度が爆発下限界の1/10のときに確実に作動することがガス事業法の告示において規定されている。,"""ガス警報器は、ガスの濃度が爆発下限界の1/4以上のときに確実に作動することがガス事業法の告示において規定されている。
［都市ガス工業概要(消費機器編) P196 6.1.3 ガス警報器の特徴］"""
燃焼時の諸現象及びガスとガス機器の適応に関する次の記述のうち、誤っているものはどれか。,可燃性混合ガスは、温度が一定であれば、圧力が上昇すると燃焼範囲は広くなる。,サーマルNOxの生成量は、燃焼ガス温度の高い、空気比1付近で最大となり、滞留時間が長いほど多く生成する。,"不完全燃焼の原因には、空気との接触や混合が不十分、排気の排出不良等がある。
",ブンゼン燃焼の炎口負荷には、一定の許容幅があり、炎口負荷の適正値は、燃焼速度の遅いガスでは大きく、速いガスでは小さくなる。,ガスの燃焼速度指数（MCP）が小さくなり、ガス機器の互換域を外れた場合、リフティングが発生する。,,,,,ブンゼン燃焼の炎口負荷には、一定の許容幅があり、炎口負荷の適正値は、燃焼速度の遅いガスでは大きく、速いガスでは小さくなる。,"""ブンゼン燃焼の炎口負荷には、一定の許容幅があり、炎口負荷の適正値は、燃焼速度の速いガスでは大きく、遅いガスでは小さくなる。
[都市ガス工業概要(消費機器編) P206 7.4.2 バーナー炎口負荷の調整]"""
"""赤火燃焼式に関する次の記述のうち、（イ）~（ハ）にあてはまる語句の組合せとして最も適切なものはどれか。

　　赤火燃燒式　　空気割合（一次空気）　0%　　空気割合（二次空気）　100%　
　　炎の色　（イ）　　炎の長さ　（ロ）　　炎の温度（°C）　（ハ）""",（イ）　赤　（ロ）　長い　（ハ）　約1300,（イ）　赤　（ロ）　短い　（ハ）　約1300,（イ）　赤黄　（ロ）　長い　（ハ）　約1300,（イ）　赤黄　（ロ）　短い　（ハ）　約900,（イ）　赤黄　（ロ）　長い　（ハ）　約900,,,,,（イ）　赤黄　（ロ）　長い　（ハ）　約900,
"家庭用ガス機器に関する次の記述のうち、誤っているものはどれか。

*省エネ法とは、「エネルギーの使用の合理化等に関する法律」をいう。 ",ガスこんろの熱効率は、省エネ法*に基づくトップランナー基準の導入以降、炎の広がりを抑える、鍋底との距離を近づける等の改良により向上した。,ガスオーブンは、熱風をファンによって強制的に撹拌しているため、調理時間が早く、一度に多量の調理ができる。,FF暖房機には、立ち消え安全装置、点火時安全装置、転倒時安全装置等の安全装置が搭載されている。,ファンヒーターでは、設定温度とセンサーで検知した室温との温度差分を電気量に変換することで比例弁を駆動させ、ガス量に比例して対流ファン風量を制御する。,回転ドラム式衣類乾燥機には、接触した衣類の抵抗値を測定して、湿り具合を判断する乾燥センサーが搭載されている。,,,,,FF暖房機には、立ち消え安全装置、点火時安全装置、転倒時安全装置等の安全装置が搭載されている。,"""FF暖房機には、立ち消え安全装置、点火時安全装置、過熱防止装置、排気筒外れ検知装置等の安全装置が搭載されている。
［都市ガス工業概要(消費機器編) P120 3.4.2 FF暖房機]"""
家庭用ガス温水機器に関する次の記述のうち、誤っているものはどれか。,10号の瞬間湯沸器は、水温20℃の水を45℃へ上昇させたお湯を毎分10L出せる能力を有している。,自己診断機能には、給気ファンの回転数と電圧値を計測し、給排気通路の閉そく状態を診断する方法がある。,給湯負荷に応じて最適な燃焼になるように、ガス量と空気量を制御することを空燃比制御 という。,浴室暖房乾燥機の主要4機能とは、暖房、乾燥、涼風及び換気である。,ふろ給湯器の設置方式には、設置フリー形があり、ポンプの揚程により設置位置を選択できる。,,,,,自己診断機能には、給気ファンの回転数と電圧値を計測し、給排気通路の閉そく状態を診断する方法がある。,"""自己診断機能には、給気ファンの回転数と電流値を計測し、給排気通路の閉そく状態を診断する方法がある。
［都市ガス工業概要(消費機器編) P80　3.2.3 温水機器の制御技術]"""
業務用ガス機器、ガス冷暖房及びコージェネレーションシステムに関する次の記述のうち、誤っているものはどれか。,麺ゆで器の丸釜式には、ダウンドラフト方式により、省エネルギー性を高めたタイプがある。,ガススチームコンベクションオーブンのバーナーは、ブンゼン燃焼方式とパルス燃焼方式 のものがあり、蒸気発生部にはボイラー方式とインジェクション方式がある。,吸収冷凍機の吸収冷凍サイクルは、蒸発、吸収、再生及び凝縮の各工程からなり、蒸発工程で作られる冷水を用いて冷房する。,コージェネレーションシステムの電主熱従運転は、電力の負荷に合わせて発電し、廃熱はできるだけ利用し、もし余れば放熱する方法である。,家庭用固体酸化物形燃料電池（SOFC）の発電効率は、家庭用ガスエンジンコージェネレーションシステムの発電効率より高い。,,,,,ガススチームコンベクションオーブンのバーナーは、ブンゼン燃焼方式とパルス燃焼方式 のものがあり、蒸気発生部にはボイラー方式とインジェクション方式がある。,"""ガススチームコンベクションオーブンのバーナーは、ブンゼン燃焼方式とブラスト燃焼方式のものがあり、蒸気発生部にはボイラー方式とインジェクション方式がある。
［都市ガス工業概要(消費機器編) P220 8.2.4 オーブン]
〔都市ガス工業概要(消費機器編) P255 3.1.2 单効用吸収冷凍サイクル] """
換気及び給排気方式に関する次の記述のうち、 誤っているものはどれか。,機械換気の方法には、換気扇等のファンを、給気口に設置する第2種換気や、排気口に設置する第3種換気がある。,建築基準法により、火気を使用する台所等には、必ず法令で定められた換気設備を設けなければならない。,集合住宅において、パイプシャフトの扉部にはRF式機器が、パイプシャフト内部（壁面）にはFF式機器が設置される。,CF式機器の一次排気筒は、設置環境に応じて長さを調整する必要がある。,RF式機器の設置工事は、ガス消費機器設置工事監督者の監督下で施工する必要はない。,,,,,CF式機器の一次排気筒は、設置環境に応じて長さを調整する必要がある。,"""CF式機器の一次排気筒は、機器の一部であるため、短くしたり、曲げてはならない。
[都市ガス工業概要(消費機器編) P51　2.3.1 自然排気式 (CF式: Conventional Flue)]"""
ガス機器の制御装置及び安全装置に関する次の記述のうち、 誤っているものはどれか。,温水機器の空だき防止装置には、バイメタル式とサーミスター式がある。,温度制御に用いられるサーミスターは、金属の酸化物を2種類以上混合、焼結したもので、負の温度特性を持ちその値は等比的に変化する。,立ち消え安全装置には、熱起電力を利用して炎の検知を行う熱電対式と、炎の導電性と整流性を利用して炎の検知を行うフレームロッド式がある。,過熱防止装置として利用される温度ヒューズは、取り付け部分の雰囲気温度が異常に高くなった場合に回路を遮断し、再起動するには交換しなければならない。,ガス量を制御する方式には、段階的にガス量を制御する多段式と、連続的にガス量を制御する比例制御式がある。,,,,,温水機器の空だき防止装置には、バイメタル式とサーミスター式がある。,"""温水機器の空だき安全装置には、 バイメタル式とサーミスター式がある。
[都市ガス工業概要(消費機器編) P154　4.1.6 空だき防止装置及び空だき安全装置]"""
警報器に関する次の記述のうち、誤っているものはどれか。,ガス警報器は、 メタン濃度が0.2~0.5%程度で鳴り始めるよう調整されているものが多い。,電池式ガス警報器には、火災警報機能や不完全燃焼警報機能を搭載したものがある。,半導体式ガス警報器は、センサーに可燃性ガスが触れるとその表面に化学吸着して、半導体の電気伝導度が低下する性質を利用してガスを検知する。,業務用換気警報器に用いられる電気化学式センサーの構造及び原理は、ほぼ燃料電池と同様である。,"業務用換気警報器は、 ガス機器から水平距離は50cm以上8m以内で、 ガス機器が設置してある部屋と同一の室内に設置しなければならない。
",,,,,ゴム管用ソケットは、ガスソフトコードに取り付けて使用し、コンセントロのガス栓又はガス栓用プラグと接続する迅速継手である。,"""半導体式ガス警報器は、センサーに可燃性ガスが触れるとその表面に化学吸着して、半導体の電気伝導度が上昇する性質を利用してガスを検知する。
[都市ガス工業概要(消費機器編) P194 6.1.2 ガス警報器の原理]"""
ガス機器とガス栓との接続に関する次の記述のうち、誤っているものはどれか。,常設形ガス機器のガス栓は、ガスコンセントやオンオフヒューズガス栓を用いる。,常設形業務用厨房機器とガス栓との接続には、金属可とう管が使用されている。,ゴム管用ソケットは、ガスソフトコードに取り付けて使用し、コンセントロのガス栓又はガス栓用プラグと接続する迅速継手である。,ガスコンセントでは、迅速継手が不完全に接続された場合でも、ガスは流れず漏れない。,ガスコードは、鋼線で補強されたゴム製ホースの両端に迅速継手がついた定尺の接続具で、ガスコンセントとファンヒーター等との接続に用いられる。,,,,,常設形ガス機器のガス栓は、ガスコンセントやオンオフヒューズガス栓を用いる。,"""移動設置形ガス機器のガス栓は、 ガスコンセントやオンオフヒューズガス栓を用いる。
［都市ガス工業概要(消費機器編) P 186　5.1 ガス栓・接続具に関する基本的考え方]"""
"""ガスの性質及び燃焼に関する次の記述のうち、誤っているものはどれか。""
","""熱効率は、下記の式で求められる。""

[img:/static/images/R5og19.jpg]
","ガスの燃焼は、酸化反応で発生した熱量より放散する熱量の方が小さい場合に継続する。
","触媒燃焼式には、触媒マットを用いて全二次空気燃焼式により無炎燃焼し、赤外線暖房機器に用いられるものがある。
","赤火燃焼式は、「逆火することがまったくない」、「ガス圧の低い所でも使用できる」、「赤黄色の長炎が得られる」等の特徴がある。
",濃淡燃焼バーナーでは、保炎性の低い予混合希薄火炎をブンゼン火炎にて保炎し、低NOX化と保炎性を両立している。,,,,,"熱効率は、下記の式で求められる。
画像
",[img:/static/explain/or5/r5og19.jpg]
"""燃焼時の諸現象及びガスグループに関する次の記述のうち、誤っているものはどれか。""
","ブンゼンバーナーの燃焼は、良好な状態からガス量を増加させると、不完全燃焼に至る場合がある。
","フラッシュバックは、 バーナー部分が高温になり、 そこを通るガスの温度が上昇すると発生する場合がある。
","リフティングは、混合気体の燃焼速度に比べ、噴出速度が速くなると発生する場合がある。
","ガスグループの分類における13Aと12Aは、熱量は異なるが、ウォッベ指数(WI)と燃焼速度指数(MCP)の領域は同じである。
",ガス機器に与えられるインプットは、ガス圧力が一定ならばWIに比例する。,,,,,"ガスグループの分類における13Aと12Aは、熱量は異なるが、ウォッベ指数(WI)と燃焼速度指数(MCP)の領域は同じである。
",[img:/static/explain/or5/r5og20.jpg]
"""家庭用ガス温水機器に関する次の記述のうち、誤っているものはどれか。""
","給湯器の自己診断機能では、給排気通路の閉そく状態によって、燃焼改善、能力制限又は運転停止の安全動作を行う。
","多段式バーナーでは、燃焼本数が少ないほど、熱効率が低くなる傾向がある。
","現在販売されている2缶3水の給湯暖房用熱源機のふろの追いだきは、間接加熱方式で行われる。
","瞬間湯沸器には元止め式と先止め式の二種類があり、小型湯沸器はすべて元止め式である。
",BF式ふろがまでは、給排気バランスが崩れると不完全燃焼や立ち消えが発生するおそれがあるため、給排気筒トップの周囲に障害物があってはならない。,,,,,"瞬間湯沸器には元止め式と先止め式の二種類があり、小型湯沸器はすべて元止め式である。
",[img:/static/explain/or5/r5og21.jpg]
"""家庭用ガス機器に関する次の記述のうち、誤っているものはどれか。""
","現在、ガス用品に指定されている品目は、ガス瞬間湯沸器、ガスストーブ、ガスバーナー付ふろがま、ガスふろバーナー、ガスこんろであり、それぞれ対象となるガス消費量が定められている。
","ファンヒーターやFF暖房機には、温風を室内に対流させる対流ファンと燃焼に必要な空気を取り入れる燃焼ファンが搭載されている。
","ファンヒーターには過熱検知用のサーミスターが装備されており、フィルター等の詰まりにより機体が過熱状態になると、フィルターサインが点滅する。
","現在販売されているこんろのグリル部には、グリル火災低減のために消し忘れ消火機能に加えて、過熱防止機能又は炎あふれ防止機能のいずれか1つ以上の機能が搭載されている。
",ガス衣類乾燥機には、乾燥運転終了後に油の付着したタオルや衣類が自然発火しないように、衣類の温度を下げる運転を行う機能が搭載されている。,,,,,"ファンヒーターやFF暖房機には、温風を室内に対流させる対流ファンと燃焼に必要な空気を取り入れる燃焼ファンが搭載されている。
",[img:/static/explain/or5/r5og22.jpg]
"""家庭用コージェネレーションシステム(CGS)、ガス冷暖房及び業務用ガス機器に関する次の記述のうち、誤っているものはどれか。""
","燃料電池CGSには、都市ガスの付臭剤として添加されている硫黄分を取り除く脱硫装置が搭載されている。
","ガスエンジンヒートポンプ(GHP)の暖房能力は、電気ヒートポンプ(EHP)と比較して外気温低下による能力の低下があまりないという特長がある。
","浸管式フライヤーは、油槽内の熱交換器の伝熱面積を比較的大きくとれるため、昇温が速い特長があるが、浸管内でパルス燃焼を採用しているタイプは、さらに昇温性能が向上している。
","排気ダクト接続型給湯器では、排気温度センサーの搭載や潜熱回収技術の採用により、ダクト火災防止を図っている。
",簡易貫流ボイラーでは、複数台連結することにより大量の蒸気を発生させるシステムを構成した場合、取扱資格が必要となる。,,,,,簡易貫流ボイラーでは、複数台連結することにより大量の蒸気を発生させるシステムを構成した場合、取扱資格が必要となる。,[img:/static/explain/or5/r5og23.jpg]
"""一酸化炭素(CO)及び換気に関する次の記述のうち、誤っているものはどれか。""
","COは、無色、無臭の気体であるため、空気中に拡散した場合でも気づきにくい。
","換気量の不足による燃焼時の空気中の酸素欠乏が、COを発生させる原因の一つである。
","換気を行うためには、空気の排出口及び流入口があり、空気の流れを起こす力があることが必要条件である。
","換気扇に使用されるプロペラファンは、シロッコファンよりも風量は多いが、ダクト等の抵抗を受けると極度に風量が減少する。
",ガス機器を使用する部屋には、必ず機械換気設備を設けなければならない。,,,,,ガス機器を使用する部屋には、必ず機械換気設備を設けなければならない。,[img:/static/explain/or5/r5og24.jpg]
"""ガス機器の給排気に関する次の記述のうち、誤っているものはどれか。""
","燃焼排ガスの排出が自然排気、強制排気に関わらず、機器本体を屋外に設置し、屋外で給排気するよう設計された機器をRF式機器という。
","RF式機器には、浴室の壁貫通部に設置するタイプの機器がある。
","共用給排気ダクト方式のダクトは、調理機器の排気ダクトとは共用してもよいが、浴室、トイレ等の換気ダクトとは別系統にしなければならない。
","CF式機器の逆風止めの役割は、排気筒から屋外の風が逆進入してきたときに、炎が吹き消されないようにすることである。
",ガス消費量が12kWを超えるガス瞬間湯沸器を屋内に設置する工事は、「特定ガス消費機器の設置工事の監督に関する法律」によらなければならない。,,,,,"共用給排気ダクト方式のダクトは、調理機器の排気ダクトとは共用してもよいが、浴室、トイレ等の換気ダクトとは別系統にしなければならない。
",[img:/static/explain/or5/r5og25.jpg]
"""ガス機器の安全装置に関する次の記述のうち、誤っているものはどれか。""
","こんろの調理油過熱防止装置は、鍋底の温度を検知し、設定温度(約250°C)に達するとガスを遮断する。
","現在販売されている開放式ガス瞬間湯沸器の不完全燃焼防止装置は、排ガス中の一酸化炭素(CO)濃度が0.3%を超えないようにガスを遮断する。
","現在販売されているBF式ふろがまには、冠水検知装置が搭載されており、電極式やフロート式等が用いられている。
","バイメタル式の空だき安全装置では、異常温度を検知しガスを遮断する。
",フレームロッド式の立ち消え安全装置は、熱電対式よりも応答速度が早く、点火時、消火時とも3秒以内で応答する。,,,,,"現在販売されている開放式ガス瞬間湯沸器の不完全燃焼防止装置は、排ガス中の一酸化炭素(CO)濃度が0.3%を超えないようにガスを遮断する。
",[img:/static/explain/or5/r5og26.jpg]
"""ガス栓、接続具及び警報器に関する次の記述のうち、誤っているものはどれか。""
","オンオフヒューズガス栓は、つまみの開閉位置に関わらず内部のオンオフ弁が常に「全開」又は「全閉」のいずれかの状態に維持する機構を有する。
","金属可とう管は、ビルトインコンロ等の常設型ガス機器の接続に用いられる。
","現在販売されている開放式小型湯沸器は、ガスコードで接続してもよい。
","ガス警報器は、ガスの濃度が爆発下限界の１/４以上のときに確実に作動しなければならない。
",家庭用のガス警報器に使用されているガスの検出方式は、半導体式、接触燃焼式又は熱線型半導体式に大別される。,,,,,"現在販売されている開放式小型湯沸器は、ガスコードで接続してもよい。
",[img:/static/explain/or5/r5og27.jpg]
ガスの燃焼及び伝熱に関する次の記述のうち、誤っているものはどれか。,ガスの燃焼方式は、赤火燃焼式やブンゼン燃焼式等があり、ガスと空気が混合する場所や一次空気量によって大別される。,実際のガス機器では、理論空気量だけでガスを完全燃焼させることはできず、２０～４０％の過剰空気が必要である。,濃淡燃焼バーナーは、ブンゼン式バーナーとセミブンゼン式バーナーを交互に配置した構造となっている。,ブンゼン燃焼式の外炎では、内炎で発生した中間生成物が二次空気と接触することによって反応が進む。,伝熱の一形態である対流は、流体の運動により熱が移動する現象である。,,,,,濃淡燃焼バーナーは、ブンゼン式バーナーとセミブンゼン式バーナーを交互に配置した構造となっている。,[img:/static/explain/or6/r6og19.jpg]
ガスの燃焼に関する次の記述のうち、誤っているのはどれか。,ブンゼンバーナーでは、インプットの高い範囲で燃焼させて場合、一次空気量を上げるとリフティングが発生し、下げると不完全燃焼が発生するという燃焼特性を有する。,火移り不良は、一部の炎口のつまり等で炎口と炎口の間隔が開きすぎている時にも発生する場合がある。,イエローチップの炎でガス機器を使用していると、すすが熱交換器等に付着して不完全燃焼の原因となるおそれがある。,ブンゼンバーナーでは、ガスの組成変化によりウォッベ指数が小さくなると、不完全燃焼が発生するおそれがある。,ブンゼンバーナーでは、バーナー部分が高温になりそこを通る混合ガスの温度が極端に上昇すると、フラッシュバックが発生する場合がある。,,,,,ブンゼンバーナーでは、ガスの組成変化によりウォッベ指数が小さくなると、不完全燃焼が発生するおそれがある。,[img:/static/explain/or6/r6og20.jpg]
"""家庭用ガス温水機器に関する次の記述のうち、いずれも誤っているものの組合せはどれか。

イ　自己診断機能には、給排気通路の閉そく状態ではファンの風量が少なくなり、ファンモーターに流れる電流値が小さくなる特徴を利用する方法がある。

ロ　燃焼用の空気を屋内からとり、燃焼排ガスを排気筒で屋外に排出する方式のふろがまをBF式ふろがまという。

ハ　Q機能を搭載した瞬間湯沸器では、冷水サンドイッチ現象を緩和し、安定した湯温を得ることができる。

二　元止め式瞬間湯沸器は、湯を使用する場所に取り付けられ、湯沸器の出湯管から直接湯を使う機能である。

ホ　給湯能力が２０号の瞬間湯沸器では、１０℃から４０℃に昇温させたお湯を毎分２０L供給できる。""",イ、ハ,イ、二,ロ、二,ロ、ホ,ハ、ホ,,,,,ロ、ホ,[img:/static/explain/or6/r6og21.jpg]
家庭用ガス機器に関する次の記述のうち、誤っているものはどれか。,こんろに装備される中火点火機能は、点火時の着衣着火火災を防止するためのものである。,オーブンは、庫内温度が調整でき、高温（２５０℃～３００℃）の熱風を循環させて、短時間に多量の調理ができる。,ファンヒーターは、転倒したり強い衝撃が加わったとき、ガスを遮断し火災を防止する転倒時安全装置を搭載している。,FF式暖房機の排気筒外れ検知装置には、微小電流導通検知の方法が用いられている。,回転式ドラム乾燥機は、乾燥センサーに接触した衣類の温度を測定して、湿り具合を判断している。,,,,,回転式ドラム乾燥機は、乾燥センサーに接触した衣類の温度を測定して、湿り具合を判断している。,[img:/static/explain/or6/r6og22.jpg]
業務用ガス機器及びコージェネレーションシステム（CGS)に関する次の記述のうち、誤っているものはどれか。,業務用厨房に設置される排気ダクト接続型の半密閉式瞬間湯沸器には、一般的に排気温度センサー、排気あふれセンサー及びCOセンサーが搭載されている。,パルス燃焼式フライヤーは浸管式の一種で、ガスの燃焼にパルス燃焼を採用しており、熱交交換器部分の面積を大幅に小さくすることができる。,遠赤外線暖房に利用される遠赤外線は、途中の空気を暖めることなく直接身体や床、壁等に浸透し暖める性質を持っている。,都市ガスを用いる代表的なCGSには、ガスエンジン式、ガスタービン式及び燃料電池式がある。,固体高分子形燃料電池（PEFC)は、作動温度が約７００℃と高く、起動や停止に対する耐久性が低いため、原則として連続運転になる。,,,,,固体高分子形燃料電池（PEFC)は、作動温度が約７００℃と高く、起動や停止に対する耐久性が低いため、原則として連続運転になる。,[img:/static/explain/or6/r6og23.jpg]
換気及び一酸化炭素（CO)に関する次の記述のうち、誤っているものはどれか。,自然換気における空気の流れを起こす力の種類には、風圧を利用したものと、空気の温度差によって生じる浮力をりようしたものとがある。,ガスこんろ上部の排気フードは、こんろ上面から１０００ｍｍ以上に設置されなければならない。,高層住宅等では、外風圧の影響により換気風量が大きく変動するため、シロッコファン等の高静圧な換気扇を使う必要がある。,自然換気回数は、一般的に次式で表される。　N=Q/V 　n:自然換気回数(回/h)   Q:自然換気量(㎥/h)   V:室の容積(㎥),都市ガスの燃焼に必要な酸素の不足等により、燃焼反応が集結しないと、反応途中の物質としてCOが発生する。,,,,,ガスこんろ上部の排気フードは、こんろ上面から１０００ｍｍ以上に設置されなければならない。,[img:/static/explain/or6/r6og24.jpg]
ガス機器の給排気に関する次の記述のうち、誤っているものはどれか。,合計インプットが６KWを超える開放型ガス機器を調理室以外の部屋に設置する場合、その部屋には機械換気を設ける必要がある。,CF式機器を設置する際、現場状況に合わせて一次排気筒及び二次排気筒ともに適切な長さに現場で加工調整する必要がある。,BF-W式機器の設置に際しては、給排気部が壁を貫通する箇所に隙間があってはならない。,FF式機器には、BF式機器と同様、外壁式、チャンバー式及びダクト式がある。,既存のBF式機器の給排気筒トップ穴を利用して、壁貫通部に設置するタイプのRF式機器がある。,,,,,CF式機器を設置する際、現場状況に合わせて一次排気筒及び二次排気筒ともに適切な長さに現場で加工調整する必要がある。,[img:/static/explain/or6/r6og25.jpg]
ガス機器の安全装置、点火装置及び制御装置に関する次の記述のうち、誤っているものはどれか。,調理油過熱防止装置は、現在販売されている２口以上の家庭用こんろの全口に搭載することが義務化されている。,不完全燃焼防止装置に使用されているCOセンサーには、固体電解質式、接触燃焼式及び半導体器がある。,温水機器の空だき安全装置には、水位スイッチ式や水流スイッチ式等がある。,瞬時点火装置では、熱電対の起電力が十分に発生するまでの間、コンデンサーの放電電流によりガス弁を開状態に保持している。,比例電磁弁は、コイルに流れる電流による電磁力により弁を制御し、連続的にガス量を調節するものである。,,,,,温水機器の空だき安全装置には、水位スイッチ式や水流スイッチ式等がある。,[img:/static/explain/or6/r6og26.jpg]
ガス栓、接続具及び警報器に関する次の記述のうち、誤っているものはどれか。,ガスソフトコードをコンセント口のガス栓に接続するためには、ガス栓用プラグを用いる。,ヒューズガス栓のヒューズボールがガスを遮断する流量を、ヒューズ作動流量といい、ヒューズガス栓本体に表示されている。,ガス小型湯沸器は、強化ｶﾞｽホースで可とう管ガス栓と接続できる。,空気より軽い都市ガスを検知するガス警報器は、ガス機器から水平距離で８ｍ以内の同一の室内に設置しなければならない。,業務用換気警報器は、人体に一酸化炭素の悪影響が及ぶおそれのある環境に達した場合にのみ警報を発するという警報ロジックを採用している。,,,,,ガスソフトコードをコンセント口のガス栓に接続するためには、ガス栓用プラグを用いる。,[img:/static/explain/or6/r6og27.jpg]
ガスの燃焼及び燃焼方式に関する次の記述のうち、誤っているものはどれか。,一般に、供給ガスの発熱量は総発熱量で表す。,混合ガスの燃焼限界は、各可燃性ガスの容積% と燃焼限界から計算で求めることができる。,空気中におけるメタンの着火温度は、プロパンの着火温度より低い。,各燃焼方式にて、二次空気の割合は大きい順に、赤火燃焼式、セミブンゼン燃焼式、ブンゼン燃焼式であり、 炎の温度は低い順に、赤火燃焼式、セミブンゼン燃焼式、ブンゼン燃焼式である。,パルス燃焼のバーナーは、燃焼室と尾管 (排気管)により構成され、コンパクトな燃焼空間で、ガスと空気の混合気を瞬時に燃焼させる。,,,,,空気中におけるメタンの着火温度は、プロパンの着火温度より低い。,[img:/static/explain/or7/r7og19.jpg]
ガス燃焼時に生じるフラッシュバックの原因に関する次の記述のうち、誤っているものはどれか。,ガス圧が異常に低下したり、ノズルや器具栓等が詰まって、ガス量が極端に少なくなる。,燃焼機器が設置されている室内の給排気が不良で、二次空気が極端に減少する。,一次空気のダンパーが開きすぎ、一次空気の吸引が多すぎて、混合ガスの燃焼速度が速くなる。,バーナー部分が高温になり、そこを通るガスの温度が上昇し、燃焼速度が速くなる。,"古いバーナーを掃除することにより、腐食された部分が落ち、炎口が大きくなる。
",,,,,燃焼機器が設置されている室内の給排気が不良で、二次空気が極端に減少する。,[img:/static/explain/or7/r7og20.jpg]
家庭用ガス温水機器に関する次の記述のうち、誤っているものはどれか。,瞬間湯沸器の給湯能力は号数で表され、1号は約1.75kWである。,BF-DP式ふろがまは、本体天板上部より給気管と排気管を別々に2本立ち上げ、給気筒トップ 排気筒トップを各々設けて接続することにより、バランス燃焼させる。,長期使用製品安全点検制度の見直しによって、現在は屋内式ガス瞬間湯沸器、屋内式ガスふろがまは、同制度の対象品目から削除されている,給湯暖房用熱源機の分類において、2缶3水の「2缶」は燃焼により直接加熱される熱交換器の数を、「3水」は回路(給湯回路、ふろ回路、暖房回路)の数を表している。,潜熱回収型給湯器(エコジョーズ)の凝縮水は、強酸性であるため、中和器で水質が改善された後排出される。,,,,,BF-DP式ふろがまは、本体天板上部より給気管と排気管を別々に2本立ち上げ、給気筒トップ 排気筒トップを各々設けて接続することにより、バランス燃焼させる。,[img:/static/explain/or7/r7og21.jpg]
家庭用ガス機器に関する次の記述のうち、誤っているものはどれか。,こんろ、ストーブ及び回転ドラム式衣類乾燥機は、ガス用品に指定されている。,回転ドラム式衣類乾燥機は、開放式ガス機器である。,こんろの焦げ付き消火機能は、鍋が焦げ付き始めると自動消火する機能であり、調理油過熱防止装置の温度センサーが利用されている。,ファンヒーターの室温自動制御機能には、温度センサーとして主にサーミスターが使用されている。,FF暖房機では一般に、給気管は軟質塩化ビニール製、排気管はステンレス鋼板製である。,,,,,こんろ、ストーブ及び回転ドラム式衣類乾燥機は、ガス用品に指定されている。,[img:/static/explain/or7/r7og22.jpg]
業務用ガス機器、ガス冷暖房及びコージェネレーションシステム(CGS)に関する次の記述のうち、誤っているものはどれか。,業務用厨房の排気ダクト接続型半密閉式湯沸器には、防火性能評定試験基準に合格している潜熱回収型がある。,マルチ温水機は、30号から50号等の給湯器を複数台設置し、流量負荷に応じて、台数制御して大量給湯を行う。,空調用吸収冷凍機は作動媒体として、冷媒に水、吸収剤に臭化リチウム水溶液を用いている。,ガスエンジンヒートポンプ(GHP)の暖房サイクルでは、室内の熱交換器を凝縮器、室外の熱交換器を蒸発器として利用している。,ガスエンジン式CGSでは、数千kW規模の需要には対応できない。,,,,,ガスエンジン式CGSでは、数千kW規模の需要には対応できない。,[img:/static/explain/or7/r7og23.jpg]
換気に関する次の記述のうち、誤っているものはどれか。,自然換気は、自然条件を利用した非常に不安定な換気方法であるため、常時大量の熱や煙を発生するような工場では効果が出ない。,機械換気の方式のうち局所換気方式は、フードの取付け位置や形状等にある程度の制限はあるが、高濃度排気による高い換気効率が得られる。,ガス機器のガス消費量が同じ場合でも、換気扇のフード有無やフードの形状等によって、調理室の必要換気量は変わる。,換気を行うために必要な条件は、空気の排出口があること、空気の流入口があること、空気の流れを起こす力があることである。,自然換気回数は、室の容積分の空気量が1時間に何回自然に入れ替わるかを「回/h」で表したものである。,,,,,自然換気は、自然条件を利用した非常に不安定な換気方法であるため、常時大量の熱や煙を発生するような工場では効果が出ない。,[img:/static/explain/or7/r7og24.jpg]
ガス機器の給排気に関する次の記述のうち、誤っているものはどれか。,自然排気式 (CF式)機器の逆風止め(バフラー)には、排気筒の過度なドラフトによる消火や熱効率の低下を防ぐ効果もある。,自然排気式(CF式)機器の排気筒トップ及び排気筒の材料は、不燃性、耐熱性、耐食性のあるものでなければならない。,自然排気式(CF式)ふろがまの排気筒の壁貫通穴を利用して設置できるものとして、自然給排気式(BF式)のBF-DP式ふろがまがある。,強制排気式(FE式)機器を設置する室には、給気口又は開口部は不要である。,屋外式(RF式)機器は、給排気をすべて屋外で行い、室内空気を汚染させないが、建物開口部から室内へ排気ガスが流入しないこと等、設置上の留意点がある。,,,,,強制排気式(FE式)機器を設置する室には、給気口又は開口部は不要である。,[img:/static/explain/or7/r7og25.jpg]
ガス機器の安全装置及び安全機能に関する次の記述のうち、誤っているものはどれか。,ガス機器の安全装置は、安全に停止するフェイルセーフを思想として構成されている。,ガス機器の安全装置の搭載は、法令で規定されていないものもある。,不完全燃焼防止装置は、現在販売されている全ての家庭用ガス機器に搭載されている。,立ち消え安全装置には、熱電対式とフレームロッド式がある。,現在販売されている開放式小型湯沸器には、機器の使用が10万回を超えるとランプ表示等でお知らせするタイムスタンプ機能が搭載されている。,,,,,不完全燃焼防止装置は、現在販売されている全ての家庭用ガス機器に搭載されている。,[img:/static/explain/or7/r7og26.jpg]
ガス栓、接続具及び警報器に関する次の記述のうち、誤っているものはどれか。,シリンダーとヒューズボール等から構成されているガス栓のヒューズ機構では、ガス栓が誤開放されるとヒューズボール等が通過孔をふさぐことによりガスを遮断する。,ガス機器のホースエンドロに器具用スリムプラグを取りつけることで、ガスコードを使って、ガスコンセントと接続することができる。,都市ガス用のガス警報器には、一過性のガスによる警報を防止するため、一定時間連続してガスを検知した後に警報する遅延警報型がある。,家庭用のCO警報器のCOセンサーには、アルコールの影響を抑えるため活性炭フィルターが内蔵されている。,業務用換気警報器は、天井より30cm以内の高さに設置する。,,,,,業務用換気警報器は、天井より30cm以内の高さに設置する。,[img:/static/explain/or7/r7og27.jpg]
